url,type,status,final_url,redirect_hops,i_sitemap,sitemap,lastmod,indekserbar,meta_robots,canonical,title,title_len,meta_description,desc_len,h1,h1_antall,ord,schema,interne_innlenker,bilder,bilder_uten_alt,dybde,funnet_via,avvik
https://kontorcompaniet.no/,forside,200,,0,ja,page-sitemap.xml,2025-10-07,ja,"index, follow, max-image-preview:large, max-snippet:-1, max-video-preview:-1",self,Hjem - Kontorinnredning til din bedrift | Kontorcompaniet AS,60,,0,VI HJELPER DERE HELE VEIEN FRA IDÈ TIL FERDIG MØBLERTE LOKALER,1,168,BreadcrumbList ImageObject Organization WebPage WebSite,203,5,2,0,seed,mangler meta description; H1 i VERSALER; 2 bilder uten alt
https://kontorcompaniet.no/2020/02/01/,dato/kategori-arkiv,200,,0,nei,,,nei,"noindex, follow",mangler,01/02/2020 - Kontorinnredning til din bedrift | Kontorcompaniet AS,66,,0,Dag: 1. februar 2020,1,66,BreadcrumbList CollectionPage ImageObject Organization WebSite,1,3,3,1,https://kontorcompaniet.no/prosjekt-norwegian/,title > 65 tegn; mangler meta description; 3 bilder uten alt
https://kontorcompaniet.no/2020/05/12/,dato/kategori-arkiv,200,,0,nei,,,nei,"noindex, follow",mangler,12/05/2020 - Kontorinnredning til din bedrift | Kontorcompaniet AS,66,,0,Dag: 12. mai 2020,1,61,BreadcrumbList CollectionPage ImageObject Organization WebSite,1,3,3,1,https://kontorcompaniet.no/framerykampanje/,title > 65 tegn; mangler meta description; 3 bilder uten alt
https://kontorcompaniet.no/2020/07/05/,dato/kategori-arkiv,200,,0,nei,,,nei,"noindex, follow",mangler,05/07/2020 - Kontorinnredning til din bedrift | Kontorcompaniet AS,66,,0,Dag: 5. juli 2020,1,70,BreadcrumbList CollectionPage ImageObject Organization WebSite,1,3,3,1,https://kontorcompaniet.no/forstyrrende-stoy-og-darlig-akustikk-pa-arbeidsplassen-kan-forarsake-stre,title > 65 tegn; mangler meta description; 3 bilder uten alt
https://kontorcompaniet.no/2020/10/23/,dato/kategori-arkiv,200,,0,nei,,,nei,"noindex, follow",mangler,23/10/2020 - Kontorinnredning til din bedrift | Kontorcompaniet AS,66,,0,Dag: 23. oktober 2020,1,63,BreadcrumbList CollectionPage ImageObject Organization WebSite,1,3,3,1,https://kontorcompaniet.no/ergonomi-pa-arbeidsplassen/,title > 65 tegn; mangler meta description; 3 bilder uten alt
https://kontorcompaniet.no/?jet-woo-builder=390,system,301,https://kontorcompaniet.no/,1,ja,jet-woo-builder-sitemap.xml,2025-01-24,nei,,,,0,,0,,,,,0,0,0,0,seed,i sitemap men ikke 200
https://kontorcompaniet.no/?jet-woo-builder=6251,system,301,https://kontorcompaniet.no/,1,ja,jet-woo-builder-sitemap.xml,2024-04-19,nei,,,,0,,0,,,,,0,0,0,0,seed,i sitemap men ikke 200
https://kontorcompaniet.no/?jet-woo-builder=butikk,system,301,https://kontorcompaniet.no/,1,ja,jet-woo-builder-sitemap.xml,2025-01-21,nei,,,,0,,0,,,,,0,0,0,0,seed,i sitemap men ikke 200
https://kontorcompaniet.no/?jet-woo-builder=butikk-produkt,system,301,https://kontorcompaniet.no/,1,ja,jet-woo-builder-sitemap.xml,2024-05-16,nei,,,,0,,0,,,,,0,0,0,0,seed,i sitemap men ikke 200
https://kontorcompaniet.no/?page_id=46,system,200,,0,ja,post-sitemap.xml,2020-11-03,ja,"index, follow, max-image-preview:large, max-snippet:-1, max-video-preview:-1",self,Blogg - Kontorinnredning til din bedrift | Kontorcompaniet AS,61,,0,HER DELER VI DE SISTE NYHETENE INNEN KONTORINNREDNING,1,152,BreadcrumbList CollectionPage Organization WebPage WebSite,0,6,6,0,seed,systemside indekserbar; mangler meta description; H1 i VERSALER; 6 bilder uten alt; foreldreløs (ingen interne lenker inn)
https://kontorcompaniet.no/author/heiadseo-no/,system,200,,0,ja,author-sitemap.xml,2022-11-11,ja,"index, follow, max-image-preview:large, max-snippet:-1, max-video-preview:-1",self,"hei@adseo.no, Author at Kontorinnredning til din bedrift | Kontorcompaniet AS",77,,0,Forfatter: hei@adseo.no,1,246,BreadcrumbList ImageObject Organization Person ProfilePage WebSite,0,6,6,0,seed,systemside indekserbar; title > 65 tegn; mangler meta description; 6 bilder uten alt; foreldreløs (ingen interne lenker inn)
https://kontorcompaniet.no/butikk,side,301,https://kontorcompaniet.no/butikk/,1,nei,,,nei,,,,0,,0,,,,,1,0,0,1,https://kontorcompaniet.no/,
https://kontorcompaniet.no/butikk/,side,200,,0,ja,product-sitemap.xml,2026-01-30,ja,"index, follow, max-image-preview:large, max-snippet:-1, max-video-preview:-1",self,Nettbutikk - Kontorinnredning til din bedrift | Kontorcompaniet AS,66,,0,Nettbutikk,1,1989,BreadcrumbList ImageObject Organization Product WebPage WebSite,203,200,200,0,seed,duplikat title ×2; title > 65 tegn; mangler meta description; 200 bilder uten alt
https://kontorcompaniet.no/butikk/kategori/kontorstoler/,kategori,200,,0,nei,,,nei,"index, follow, max-image-preview:large, max-snippet:-1, max-video-preview:-1",annen,Nettbutikk - Kontorinnredning til din bedrift | Kontorcompaniet AS,66,,0,Nettbutikk,1,405,BreadcrumbList ImageObject Organization Product WebPage WebSite,0,24,24,0,seed,200 men ikke i sitemap; canonical peker annet sted; duplikat title ×2; title > 65 tegn; mangler meta description; 24 bilder uten alt; foreldreløs (ingen interne lenker inn)
https://kontorcompaniet.no/butikk/vilkar-nettbutikk/,side,200,,0,ja,page-sitemap.xml,2021-09-15,ja,"index, follow, max-image-preview:large, max-snippet:-1, max-video-preview:-1",self,Vilkår nettbutikk - Kontorinnredning til din bedrift | Kontorcompaniet AS,73,,0,,0,245,BreadcrumbList Organization WebPage WebSite,0,2,2,0,seed,title > 65 tegn; mangler meta description; mangler H1; 2 bilder uten alt; foreldreløs (ingen interne lenker inn)
https://kontorcompaniet.no/category/uncategorized/,dato/kategori-arkiv,200,,0,ja,category-sitemap.xml,2020-11-03,ja,"index, follow, max-image-preview:large, max-snippet:-1, max-video-preview:-1",self,Uncategorized Archives - Kontorinnredning til din bedrift | Kontorcompaniet AS,78,,0,Kategori: Uncategorized,1,246,BreadcrumbList CollectionPage ImageObject Organization WebSite,0,6,6,0,seed,title > 65 tegn; mangler meta description; 6 bilder uten alt; foreldreløs (ingen interne lenker inn)
https://kontorcompaniet.no/cookies,side,301,https://kontorcompaniet.no/cookies/,1,nei,,,nei,,,,0,,0,,,,,1,0,0,1,https://kontorcompaniet.no/sikkerhet-og-personvern/,
https://kontorcompaniet.no/cookies/,side,200,,0,ja,page-sitemap.xml,2022-05-11,ja,"index, follow, max-image-preview:large, max-snippet:-1, max-video-preview:-1",self,cookies - Kontorinnredning til din bedrift | Kontorcompaniet AS,63,,0,,0,1,BreadcrumbList Organization WebPage WebSite,0,2,2,0,seed,mangler meta description; mangler H1; tynt innhold (<150 ord); 2 bilder uten alt; foreldreløs (ingen interne lenker inn)
https://kontorcompaniet.no/customer-login/,system,200,,0,ja,page-sitemap.xml,2021-01-25,ja,"index, follow, max-image-preview:large, max-snippet:-1, max-video-preview:-1",self,Customer Login - Kontorinnredning til din bedrift | Kontorcompaniet AS,70,,0,Customer Login,1,3,BreadcrumbList Organization WebPage WebSite,0,2,2,0,seed,systemside indekserbar; title > 65 tegn; mangler meta description; tynt innhold (<150 ord); 2 bilder uten alt; foreldreløs (ingen interne lenker inn)
https://kontorcompaniet.no/customer-profile/,system,200,,0,ja,page-sitemap.xml,2021-01-25,ja,"index, follow, max-image-preview:large, max-snippet:-1, max-video-preview:-1",self,Customer Profile - Kontorinnredning til din bedrift | Kontorcompaniet AS,72,,0,Customer Profile,1,3,BreadcrumbList Organization WebPage WebSite,0,2,2,0,seed,systemside indekserbar; title > 65 tegn; mangler meta description; tynt innhold (<150 ord); 2 bilder uten alt; foreldreløs (ingen interne lenker inn)
https://kontorcompaniet.no/customer-reset-password/,system,200,,0,ja,page-sitemap.xml,2021-01-25,ja,"index, follow, max-image-preview:large, max-snippet:-1, max-video-preview:-1",self,- Kontorinnredning til din bedrift | Kontorcompaniet AS,55,,0,,0,1,Organization WebPage WebSite,0,2,2,0,seed,systemside indekserbar; mangler meta description; mangler H1; tynt innhold (<150 ord); 2 bilder uten alt; foreldreløs (ingen interne lenker inn)
https://kontorcompaniet.no/designer/,attributt-arkiv,200,,0,ja,page-sitemap.xml,2024-04-24,ja,"index, follow, max-image-preview:large, max-snippet:-1, max-video-preview:-1",self,Designer - Kontorinnredning til din bedrift | Kontorcompaniet AS,64,,0,Designer,1,62,BreadcrumbList Organization WebPage WebSite,0,2,2,0,seed,mangler meta description; tynt innhold (<150 ord); 2 bilder uten alt; foreldreløs (ingen interne lenker inn)
https://kontorcompaniet.no/designer/alberto-meda/,attributt-arkiv,200,,0,ja,pa_designer-sitemap.xml,2024-05-15,ja,"index, follow, max-image-preview:large, max-snippet:-1, max-video-preview:-1",self,Alberto Meda Arkiver - Kontorinnredning til din bedrift | Kontorcompaniet AS,76,,0,Alberto Meda,1,1990,BreadcrumbList CollectionPage ImageObject Organization WebSite,1,200,200,0,seed,title > 65 tegn; mangler meta description; 200 bilder uten alt
https://kontorcompaniet.no/designer/andersen-og-voll/,attributt-arkiv,200,,0,ja,pa_designer-sitemap.xml,2024-05-22,ja,"index, follow, max-image-preview:large, max-snippet:-1, max-video-preview:-1",self,Andersen & Voll Arkiver - Kontorinnredning til din bedrift | Kontorcompaniet AS,79,,0,Andersen & Voll,1,1991,BreadcrumbList CollectionPage ImageObject Organization WebSite,3,200,200,0,seed,title > 65 tegn; mangler meta description; 200 bilder uten alt
https://kontorcompaniet.no/designer/andreas-engelsvik/,attributt-arkiv,200,,0,ja,pa_designer-sitemap.xml,2024-04-29,ja,"index, follow, max-image-preview:large, max-snippet:-1, max-video-preview:-1",self,Andreas Engelsvik Arkiver - Kontorinnredning til din bedrift | Kontorcompaniet AS,81,,0,Andreas Engelsvik,1,1990,BreadcrumbList CollectionPage ImageObject Organization WebSite,1,200,200,0,seed,title > 65 tegn; mangler meta description; 200 bilder uten alt
https://kontorcompaniet.no/designer/antonio-cittero/,attributt-arkiv,200,,0,ja,pa_designer-sitemap.xml,2025-02-11,ja,"index, follow, max-image-preview:large, max-snippet:-1, max-video-preview:-1",self,Antonio Cittero Arkiver - Kontorinnredning til din bedrift | Kontorcompaniet AS,79,,0,Antonio Cittero,1,1990,BreadcrumbList CollectionPage ImageObject Organization WebSite,2,200,200,0,seed,title > 65 tegn; mangler meta description; 200 bilder uten alt
https://kontorcompaniet.no/designer/big-game-hunting-narud-anderssen-voll-and-flokk-design-team/,attributt-arkiv,200,,0,ja,pa_designer-sitemap.xml,2024-05-24,ja,"index, follow, max-image-preview:large, max-snippet:-1, max-video-preview:-1",self,"BIG-GAME, Hunting & Narud, Anderssen & Voll and Flokk Design Team Arkiver - Kontorinnredning til din bedrift | Kontorcompaniet AS",129,,0,"BIG-GAME, Hunting & Narud, Anderssen & Voll and Flokk Design Team",1,1999,BreadcrumbList CollectionPage ImageObject Organization WebSite,0,200,200,0,seed,title > 65 tegn; mangler meta description; 200 bilder uten alt; foreldreløs (ingen interne lenker inn)
https://kontorcompaniet.no/designer/eames/,attributt-arkiv,200,,0,ja,pa_designer-sitemap.xml,2024-06-05,ja,"index, follow, max-image-preview:large, max-snippet:-1, max-video-preview:-1",self,Charles & Ray Eames Arkiver - Kontorinnredning til din bedrift | Kontorcompaniet AS,83,,0,Charles & Ray Eames,1,1992,BreadcrumbList CollectionPage ImageObject Organization WebSite,1,200,200,0,seed,title > 65 tegn; mangler meta description; 200 bilder uten alt
https://kontorcompaniet.no/designer/hee-welling/,attributt-arkiv,200,,0,ja,pa_designer-sitemap.xml,2024-05-23,ja,"index, follow, max-image-preview:large, max-snippet:-1, max-video-preview:-1",self,Hee Welling Arkiver - Kontorinnredning til din bedrift | Kontorcompaniet AS,75,,0,Hee Welling,1,1990,BreadcrumbList CollectionPage ImageObject Organization WebSite,1,200,200,0,seed,title > 65 tegn; mangler meta description; 200 bilder uten alt
https://kontorcompaniet.no/designer/lars-tornoe/,attributt-arkiv,200,,0,ja,pa_designer-sitemap.xml,2024-05-23,ja,"index, follow, max-image-preview:large, max-snippet:-1, max-video-preview:-1",self,Lars Tornøe Arkiver - Kontorinnredning til din bedrift | Kontorcompaniet AS,75,,0,Lars Tornøe,1,1990,BreadcrumbList CollectionPage ImageObject Organization WebSite,3,200,200,0,seed,title > 65 tegn; mangler meta description; 200 bilder uten alt
https://kontorcompaniet.no/designer/oivind-iversen/,attributt-arkiv,200,,0,ja,pa_designer-sitemap.xml,2024-05-23,ja,"index, follow, max-image-preview:large, max-snippet:-1, max-video-preview:-1",self,Øivind Iversen Arkiver - Kontorinnredning til din bedrift | Kontorcompaniet AS,78,,0,Øivind Iversen,1,1990,BreadcrumbList CollectionPage ImageObject Organization WebSite,1,200,200,0,seed,title > 65 tegn; mangler meta description; 200 bilder uten alt
https://kontorcompaniet.no/designer/peter-opsvik/,attributt-arkiv,200,,0,ja,pa_designer-sitemap.xml,2024-05-24,ja,"index, follow, max-image-preview:large, max-snippet:-1, max-video-preview:-1",self,Peter Opsvik Arkiver - Kontorinnredning til din bedrift | Kontorcompaniet AS,76,,0,Peter Opsvik,1,1990,BreadcrumbList CollectionPage ImageObject Organization WebSite,0,200,200,0,seed,title > 65 tegn; mangler meta description; 200 bilder uten alt; foreldreløs (ingen interne lenker inn)
https://kontorcompaniet.no/designer/ronan-erwan-bouroullec/,attributt-arkiv,200,,0,ja,pa_designer-sitemap.xml,2024-05-15,ja,"index, follow, max-image-preview:large, max-snippet:-1, max-video-preview:-1",self,Ronan & Erwan Bouroullec Arkiver - Kontorinnredning til din bedrift | Kontorcompaniet AS,88,,0,Ronan & Erwan Bouroullec,1,1992,BreadcrumbList CollectionPage ImageObject Organization WebSite,1,200,200,0,seed,title > 65 tegn; mangler meta description; 200 bilder uten alt
https://kontorcompaniet.no/designer/skogstadwaernes/,attributt-arkiv,200,,0,ja,pa_designer-sitemap.xml,2024-05-23,ja,"index, follow, max-image-preview:large, max-snippet:-1, max-video-preview:-1",self,Skogstad&Wærnes Arkiver - Kontorinnredning til din bedrift | Kontorcompaniet AS,79,,0,Skogstad&Wærnes,1,1989,BreadcrumbList CollectionPage ImageObject Organization WebSite,0,200,200,0,seed,title > 65 tegn; mangler meta description; 200 bilder uten alt; foreldreløs (ingen interne lenker inn)
https://kontorcompaniet.no/designer/stokkeaustad-form-us-with-love-gronlund-design-and-flokk-design-team/,attributt-arkiv,200,,0,ja,pa_designer-sitemap.xml,2024-05-24,ja,"index, follow, max-image-preview:large, max-snippet:-1, max-video-preview:-1",self,"StokkeAustad, Form Us With Love, Grønlund Design and Flokk Design team Arkiver - Kontorinnredning til din bedrift | Kontorcompaniet AS",134,,0,"StokkeAustad, Form Us With Love, Grønlund Design and Flokk Design team",1,1999,BreadcrumbList CollectionPage ImageObject Organization WebSite,0,200,200,0,seed,title > 65 tegn; mangler meta description; 200 bilder uten alt; foreldreløs (ingen interne lenker inn)
https://kontorcompaniet.no/designer/svein-asbjornsen-sapdesign/,attributt-arkiv,200,,0,ja,pa_designer-sitemap.xml,2024-05-24,ja,"index, follow, max-image-preview:large, max-snippet:-1, max-video-preview:-1",self,Svein Asbjørnsen - sapDesign® Arkiver - Kontorinnredning til din bedrift | Kontorcompaniet AS,93,,0,Svein Asbjørnsen - sapDesign®,1,1992,BreadcrumbList CollectionPage ImageObject Organization WebSite,0,200,200,0,seed,title > 65 tegn; mangler meta description; 200 bilder uten alt; foreldreløs (ingen interne lenker inn)
https://kontorcompaniet.no/elementor-hf/footer/,system,301,https://kontorcompaniet.no/,1,ja,elementor-hf-sitemap.xml,2024-06-04,nei,,,,0,,0,,,,,0,0,0,0,seed,i sitemap men ikke 200
https://kontorcompaniet.no/elementor-hf/header/,system,301,https://kontorcompaniet.no/,1,ja,elementor-hf-sitemap.xml,2024-06-04,nei,,,,0,,0,,,,,0,0,0,0,seed,i sitemap men ikke 200
https://kontorcompaniet.no/epd/ja/,attributt-arkiv,200,,0,ja,pa_epd-sitemap.xml,2025-02-11,ja,"index, follow, max-image-preview:large, max-snippet:-1, max-video-preview:-1",self,Ja Arkiver - Kontorinnredning til din bedrift | Kontorcompaniet AS,66,,0,Ja,1,1989,BreadcrumbList CollectionPage ImageObject Organization WebSite,12,200,200,0,seed,title > 65 tegn; mangler meta description; 200 bilder uten alt
https://kontorcompaniet.no/ergonomi-pa-arbeidsplassen/,side,200,,0,ja,post-sitemap.xml,2020-11-03,ja,"index, follow, max-image-preview:large, max-snippet:-1, max-video-preview:-1",self,ERGONOMI PÅ ARBEIDSPLASSEN - Kontorinnredning til din bedrift | Kontorcompaniet AS,82,,0,ERGONOMI PÅ ARBEIDSPLASSEN,1,463,Article BreadcrumbList ImageObject Organization Person WebPage WebSite,4,3,3,0,seed,title > 65 tegn; mangler meta description; H1 i VERSALER; 3 bilder uten alt
https://kontorcompaniet.no/forstyrrende-stoy-og-darlig-akustikk-pa-arbeidsplassen-kan-forarsake-stress/,side,200,,0,ja,post-sitemap.xml,2020-11-03,ja,"index, follow, max-image-preview:large, max-snippet:-1, max-video-preview:-1",self,FORSTYRRENDE STØY OG DÅRLIG AKUSTIKK PÅ ARBEIDSPLASSEN KAN FORÅRSAKE STRESS - Kontorinnredning til din bedrift | Kontorcompaniet AS,131,,0,FORSTYRRENDE STØY OG DÅRLIG AKUSTIKK PÅ ARBEIDSPLASSEN KAN FORÅRSAKE STRESS,1,595,Article BreadcrumbList ImageObject Organization Person WebPage WebSite,4,4,4,0,seed,title > 65 tegn; mangler meta description; H1 i VERSALER; 4 bilder uten alt
https://kontorcompaniet.no/framerykampanje/,side,200,,0,ja,post-sitemap.xml,2020-11-03,ja,"index, follow, max-image-preview:large, max-snippet:-1, max-video-preview:-1",self,FRAMERYKAMPANJE - Kontorinnredning til din bedrift | Kontorcompaniet AS,71,,0,FRAMERYKAMPANJE,1,143,Article BreadcrumbList ImageObject Organization Person WebPage WebSite,4,3,3,0,seed,title > 65 tegn; mangler meta description; H1 i VERSALER; tynt innhold (<150 ord); 3 bilder uten alt
https://kontorcompaniet.no/handlekurv/,system,200,,0,ja,page-sitemap.xml,2021-01-25,nei,"noindex, follow",self,Handlekurv - Kontorinnredning til din bedrift | Kontorcompaniet AS,66,,0,Handlekurv,1,8,BreadcrumbList Organization WebPage WebSite,203,2,2,0,seed,i sitemap men noindex; title > 65 tegn; mangler meta description; 2 bilder uten alt
https://kontorcompaniet.no/kassen/,system,302,https://kontorcompaniet.no/handlekurv/,1,ja,page-sitemap.xml,2021-01-25,nei,,,,0,,0,,,,,204,0,0,0,seed,i sitemap men ikke 200
https://kontorcompaniet.no/kjopsbetingelsene/,side,200,,0,ja,page-sitemap.xml,2024-05-21,ja,"index, follow, max-image-preview:large, max-snippet:-1, max-video-preview:-1",self,Kjøpsbetingelser - Kontorinnredning til din bedrift | Kontorcompaniet AS,72,Kontorcompaniets salgsbetinghelser ved kjøp i vår nettbutikk.,61,Kjøpsbetingelser | Innledning,2,957,BreadcrumbList Organization WebPage WebSite,203,2,2,0,seed,title > 65 tegn; 2 H1; 2 bilder uten alt
https://kontorcompaniet.no/kontakt,side,301,https://kontorcompaniet.no/om-oss/kontakt/,1,nei,,,nei,,,,0,,0,,,,,2,0,0,1,https://kontorcompaniet.no/,
https://kontorcompaniet.no/kontakt/,side,301,https://kontorcompaniet.no/om-oss/kontakt/,1,nei,,,nei,,,,0,,0,,,,,7,0,0,1,https://kontorcompaniet.no/,
https://kontorcompaniet.no/leverandorer/,side,200,,0,ja,page-sitemap.xml,2022-04-28,ja,"index, follow, max-image-preview:large, max-snippet:-1, max-video-preview:-1",self,Leverandører - Kontorinnredning til din bedrift | Kontorcompaniet AS,68,,0,SKANDINAVISK DESIGN FRA VELRENOMMERTE PRODUSENTER,1,288,BreadcrumbList Organization WebPage WebSite,203,2,2,0,seed,title > 65 tegn; mangler meta description; H1 i VERSALER; 2 bilder uten alt
https://kontorcompaniet.no/leveringstid/bestillingsvare-2-3-uker/,attributt-arkiv,200,,0,ja,pa_leveringstid-sitemap.xml,2024-04-29,ja,"index, follow, max-image-preview:large, max-snippet:-1, max-video-preview:-1",self,Bestillingsvare (2-3 uker) Arkiver - Kontorinnredning til din bedrift | Kontorcompaniet AS,90,,0,Bestillingsvare (2-3 uker),1,1991,BreadcrumbList CollectionPage ImageObject Organization WebSite,4,200,200,0,seed,title > 65 tegn; mangler meta description; 200 bilder uten alt
https://kontorcompaniet.no/leveringstid/bestillingsvare-3-5-uker/,attributt-arkiv,200,,0,ja,pa_leveringstid-sitemap.xml,2024-06-05,ja,"index, follow, max-image-preview:large, max-snippet:-1, max-video-preview:-1",self,Bestillingsvare (3-5 uker) Arkiver - Kontorinnredning til din bedrift | Kontorcompaniet AS,90,,0,Bestillingsvare (3-5 uker),1,1991,BreadcrumbList CollectionPage ImageObject Organization WebSite,7,200,200,0,seed,title > 65 tegn; mangler meta description; 200 bilder uten alt
https://kontorcompaniet.no/leveringstid/bestillingsvare-4-6-uker/,attributt-arkiv,200,,0,ja,pa_leveringstid-sitemap.xml,2025-02-11,ja,"index, follow, max-image-preview:large, max-snippet:-1, max-video-preview:-1",self,Bestillingsvare (4-6 uker) Arkiver - Kontorinnredning til din bedrift | Kontorcompaniet AS,90,,0,Bestillingsvare (4-6 uker),1,1991,BreadcrumbList CollectionPage ImageObject Organization WebSite,11,200,200,0,seed,title > 65 tegn; mangler meta description; 200 bilder uten alt
https://kontorcompaniet.no/leveringstid/bestillingsvare-5-7-uker/,attributt-arkiv,200,,0,ja,pa_leveringstid-sitemap.xml,2024-05-23,ja,"index, follow, max-image-preview:large, max-snippet:-1, max-video-preview:-1",self,Bestillingsvare (5-7 uker) Arkiver - Kontorinnredning til din bedrift | Kontorcompaniet AS,90,,0,Bestillingsvare (5-7 uker),1,1991,BreadcrumbList CollectionPage ImageObject Organization WebSite,3,200,200,0,seed,title > 65 tegn; mangler meta description; 200 bilder uten alt
https://kontorcompaniet.no/leveringstid/bestillingsvare-6-8-uker/,attributt-arkiv,200,,0,ja,pa_leveringstid-sitemap.xml,2024-06-05,ja,"index, follow, max-image-preview:large, max-snippet:-1, max-video-preview:-1",self,Bestillingsvare (6-8 uker) Arkiver - Kontorinnredning til din bedrift | Kontorcompaniet AS,90,,0,Bestillingsvare (6-8 uker),1,1991,BreadcrumbList CollectionPage ImageObject Organization WebSite,0,200,200,0,seed,title > 65 tegn; mangler meta description; 200 bilder uten alt; foreldreløs (ingen interne lenker inn)
https://kontorcompaniet.no/leveringstid/lagerfort-3-5-dager/,attributt-arkiv,200,,0,ja,pa_leveringstid-sitemap.xml,2025-01-30,ja,"index, follow, max-image-preview:large, max-snippet:-1, max-video-preview:-1",self,Lagerført (3-5 dager) Arkiver - Kontorinnredning til din bedrift | Kontorcompaniet AS,85,,0,Lagerført (3-5 dager),1,1991,BreadcrumbList CollectionPage ImageObject Organization WebSite,1,200,200,0,seed,title > 65 tegn; mangler meta description; 200 bilder uten alt
https://kontorcompaniet.no/miljo-baerekraft/,side,200,,0,ja,page-sitemap.xml,2024-06-04,ja,"index, follow, max-image-preview:large, max-snippet:-1, max-video-preview:-1",self,Miljø & Bærekraft - Kontorinnredning til din bedrift | Kontorcompaniet AS,73,,0,,0,430,BreadcrumbList ImageObject Organization WebPage WebSite,203,5,5,0,seed,title > 65 tegn; mangler meta description; mangler H1; 5 bilder uten alt
https://kontorcompaniet.no/miljomerking/fsc/,attributt-arkiv,200,,0,ja,pa_miljomerking-sitemap.xml,2024-05-23,ja,"index, follow, max-image-preview:large, max-snippet:-1, max-video-preview:-1",self,FSC Arkiver - Kontorinnredning til din bedrift | Kontorcompaniet AS,67,,0,FSC,1,1989,BreadcrumbList CollectionPage ImageObject Organization WebSite,18,200,200,0,seed,title > 65 tegn; mangler meta description; 200 bilder uten alt
https://kontorcompaniet.no/miljomerking/greenguard/,attributt-arkiv,200,,0,ja,pa_miljomerking-sitemap.xml,2024-05-24,ja,"index, follow, max-image-preview:large, max-snippet:-1, max-video-preview:-1",self,Greenguard Arkiver - Kontorinnredning til din bedrift | Kontorcompaniet AS,74,,0,Greenguard,1,1989,BreadcrumbList CollectionPage ImageObject Organization WebSite,1,200,200,0,seed,title > 65 tegn; mangler meta description; 200 bilder uten alt
https://kontorcompaniet.no/miljomerking/mobelfakta/,attributt-arkiv,200,,0,ja,pa_miljomerking-sitemap.xml,2024-05-24,ja,"index, follow, max-image-preview:large, max-snippet:-1, max-video-preview:-1",self,Møbelfakta Arkiver - Kontorinnredning til din bedrift | Kontorcompaniet AS,74,,0,Møbelfakta,1,1989,BreadcrumbList CollectionPage ImageObject Organization WebSite,8,200,200,0,seed,title > 65 tegn; mangler meta description; 200 bilder uten alt
https://kontorcompaniet.no/min-konto/,system,200,,0,ja,page-sitemap.xml,2021-06-14,nei,"noindex, follow",self,Min konto - Kontorinnredning til din bedrift | Kontorcompaniet AS,65,,0,,0,48,BreadcrumbList Organization WebPage WebSite,203,2,2,0,seed,i sitemap men noindex; mangler meta description; mangler H1; 2 bilder uten alt
https://kontorcompaniet.no/min-onskeliste/,system,200,,0,ja,page-sitemap.xml,2024-05-15,ja,"index, follow, max-image-preview:large, max-snippet:-1, max-video-preview:-1",self,Min ønskeliste - Kontorinnredning til din bedrift | Kontorcompaniet AS,70,,0,Min ønskeliste,1,2,BreadcrumbList ImageObject Organization WebPage WebSite,0,2,2,0,seed,systemside indekserbar; title > 65 tegn; mangler meta description; tynt innhold (<150 ord); 2 bilder uten alt; foreldreløs (ingen interne lenker inn)
https://kontorcompaniet.no/om-oss/,side,200,,0,ja,page-sitemap.xml,2022-10-06,ja,"index, follow, max-image-preview:large, max-snippet:-1, max-video-preview:-1",self,Om oss - Kontorinnredning til din bedrift | Kontorcompaniet AS,62,,0,VELKOMMEN TIL A-LAGET I INTERIØR-BRANSJEN!,1,364,BreadcrumbList Organization WebPage WebSite,203,2,2,0,seed,mangler meta description; H1 i VERSALER; 2 bilder uten alt
https://kontorcompaniet.no/om-oss/kontakt/,side,200,,0,ja,page-sitemap.xml,2023-10-27,ja,"index, follow, max-image-preview:large, max-snippet:-1, max-video-preview:-1",self,Kontakt - Kontorinnredning til din bedrift | Kontorcompaniet AS,63,,0,TRENGER DU NY KONTORINNREDNING ELLER ØNSKER DU EN UFORPLIKTENDE BEFARING?,1,182,BreadcrumbList Organization WebPage WebSite,203,2,2,0,seed,mangler meta description; H1 i VERSALER; 2 bilder uten alt
https://kontorcompaniet.no/opprinnelsesland/danmark/,attributt-arkiv,200,,0,ja,pa_opprinnelsesland-sitemap.xml,2024-05-23,ja,"index, follow, max-image-preview:large, max-snippet:-1, max-video-preview:-1",self,Danmark Arkiver - Kontorinnredning til din bedrift | Kontorcompaniet AS,71,,0,Danmark,1,1989,BreadcrumbList CollectionPage ImageObject Organization WebSite,22,200,200,0,seed,title > 65 tegn; mangler meta description; 200 bilder uten alt
https://kontorcompaniet.no/opprinnelsesland/norge/,attributt-arkiv,200,,0,ja,pa_opprinnelsesland-sitemap.xml,2024-05-24,ja,"index, follow, max-image-preview:large, max-snippet:-1, max-video-preview:-1",self,Norge Arkiver - Kontorinnredning til din bedrift | Kontorcompaniet AS,69,,0,Norge,1,1989,BreadcrumbList CollectionPage ImageObject Organization WebSite,5,200,200,0,seed,title > 65 tegn; mangler meta description; 200 bilder uten alt
https://kontorcompaniet.no/opprinnelsesland/polen/,attributt-arkiv,200,,0,ja,pa_opprinnelsesland-sitemap.xml,2024-05-23,ja,"index, follow, max-image-preview:large, max-snippet:-1, max-video-preview:-1",self,Polen Arkiver - Kontorinnredning til din bedrift | Kontorcompaniet AS,69,,0,Polen,1,1989,BreadcrumbList CollectionPage ImageObject Organization WebSite,3,200,200,0,seed,title > 65 tegn; mangler meta description; 200 bilder uten alt
https://kontorcompaniet.no/opprinnelsesland/sveits/,attributt-arkiv,200,,0,ja,pa_opprinnelsesland-sitemap.xml,2025-02-11,ja,"index, follow, max-image-preview:large, max-snippet:-1, max-video-preview:-1",self,Sveits Arkiver - Kontorinnredning til din bedrift | Kontorcompaniet AS,70,,0,Sveits,1,1989,BreadcrumbList CollectionPage ImageObject Organization WebSite,5,200,200,0,seed,title > 65 tegn; mangler meta description; 200 bilder uten alt
https://kontorcompaniet.no/opprinnelsesland/sverige/,attributt-arkiv,200,,0,ja,pa_opprinnelsesland-sitemap.xml,2024-05-15,ja,"index, follow, max-image-preview:large, max-snippet:-1, max-video-preview:-1",self,Sverige Arkiver - Kontorinnredning til din bedrift | Kontorcompaniet AS,71,,0,Sverige,1,1989,BreadcrumbList CollectionPage ImageObject Organization WebSite,3,200,200,0,seed,title > 65 tegn; mangler meta description; 200 bilder uten alt
https://kontorcompaniet.no/opprinnelsesland/tyskland/,attributt-arkiv,200,,0,ja,pa_opprinnelsesland-sitemap.xml,2025-01-30,ja,"index, follow, max-image-preview:large, max-snippet:-1, max-video-preview:-1",self,Tyskland Arkiver - Kontorinnredning til din bedrift | Kontorcompaniet AS,72,,0,Tyskland,1,1989,BreadcrumbList CollectionPage ImageObject Organization WebSite,1,200,200,0,seed,title > 65 tegn; mangler meta description; 200 bilder uten alt
https://kontorcompaniet.no/product-brands/express/,merke (yith),200,,0,ja,yith_product_brand-sitemap.xml,2025-01-30,ja,"index, follow, max-image-preview:large, max-snippet:-1, max-video-preview:-1",self,Express Arkiver - Kontorinnredning til din bedrift | Kontorcompaniet AS,71,,0,Express,1,1989,BreadcrumbList CollectionPage ImageObject Organization WebSite,0,200,200,0,seed,title > 65 tegn; mangler meta description; 200 bilder uten alt; foreldreløs (ingen interne lenker inn)
https://kontorcompaniet.no/product-brands/ombruk/,merke (yith),200,,0,ja,yith_product_brand-sitemap.xml,2024-05-08,ja,"index, follow, max-image-preview:large, max-snippet:-1, max-video-preview:-1",self,Ombruk Arkiver - Kontorinnredning til din bedrift | Kontorcompaniet AS,70,,0,Ombruk,1,1989,BreadcrumbList CollectionPage ImageObject Organization WebSite,0,200,200,0,seed,title > 65 tegn; mangler meta description; 200 bilder uten alt; foreldreløs (ingen interne lenker inn)
https://kontorcompaniet.no/produkt-stikkord/miljo/,produkt-tag,200,,0,ja,product_tag-sitemap.xml,2024-05-08,ja,"index, follow, max-image-preview:large, max-snippet:-1, max-video-preview:-1",self,Miljø Arkiver - Kontorinnredning til din bedrift | Kontorcompaniet AS,69,,0,Miljø,1,1989,BreadcrumbList CollectionPage ImageObject Organization WebSite,0,200,200,0,seed,title > 65 tegn; mangler meta description; 200 bilder uten alt; foreldreløs (ingen interne lenker inn)
https://kontorcompaniet.no/produkt-stikkord/pent-brukt/,brukt,200,,0,nei,,,ja,"index, follow, max-image-preview:large, max-snippet:-1, max-video-preview:-1",self,Pent brukt Arkiver - Kontorinnredning til din bedrift | Kontorcompaniet AS,74,,0,Pent brukt,1,1990,BreadcrumbList CollectionPage Organization WebSite,0,200,200,0,seed,200 men ikke i sitemap; title > 65 tegn; mangler meta description; 200 bilder uten alt; foreldreløs (ingen interne lenker inn)
https://kontorcompaniet.no/produkt-stikkord/utstillingsvare/,produkt-tag,200,,0,ja,product_tag-sitemap.xml,2024-05-08,ja,"index, follow, max-image-preview:large, max-snippet:-1, max-video-preview:-1",self,Utstillingsvare Arkiver - Kontorinnredning til din bedrift | Kontorcompaniet AS,79,,0,Utstillingsvare,1,1989,BreadcrumbList CollectionPage ImageObject Organization WebSite,0,200,200,0,seed,title > 65 tegn; mangler meta description; 200 bilder uten alt; foreldreløs (ingen interne lenker inn)
https://kontorcompaniet.no/produkt/abstracta-soneo-bordskjerm-1200x650x30-mm/,produkt,200,,0,ja,product-sitemap.xml,2024-05-15,ja,"index, follow, max-image-preview:large, max-snippet:-1, max-video-preview:-1",self,Abstracta Soneo Bordskjerm 1200x650x30 mm - Kontorinnredning til din bedrift | Kontorcompaniet AS,97,Velg farge | Mål: 1600 x 650 x 30 mm,36,Abstracta Soneo Bordskjerm 1200x650x30 mm,1,181,BreadcrumbList ImageObject Organization WebPage WebSite,71,16,3,0,seed,title > 65 tegn; 3 bilder uten alt
https://kontorcompaniet.no/produkt/abstracta-soneo-bordskjerm-1400x650x30-mm/,produkt,200,,0,ja,product-sitemap.xml,2024-05-15,ja,"index, follow, max-image-preview:large, max-snippet:-1, max-video-preview:-1",self,Abstracta Soneo Bordskjerm 1400x650x30 mm - Kontorinnredning til din bedrift | Kontorcompaniet AS,97,Velg variant | Mål: 1600 x 650 x 30 mm,38,Abstracta Soneo Bordskjerm 1400x650x30 mm,1,181,BreadcrumbList ImageObject Organization WebPage WebSite,71,16,3,0,seed,title > 65 tegn; duplikat description ×2; 3 bilder uten alt
https://kontorcompaniet.no/produkt/abstracta-soneo-bordskjerm-1600x650x30-mm/,produkt,200,,0,ja,product-sitemap.xml,2024-05-15,ja,"index, follow, max-image-preview:large, max-snippet:-1, max-video-preview:-1",self,Abstracta Soneo Bordskjerm 1600x650x30 mm - Kontorinnredning til din bedrift | Kontorcompaniet AS,97,Velg variant | Mål: 1600 x 650 x 30 mm,38,Abstracta Soneo Bordskjerm 1600x650x30 mm,1,181,BreadcrumbList ImageObject Organization WebPage WebSite,71,16,3,0,seed,title > 65 tegn; duplikat description ×2; 3 bilder uten alt
https://kontorcompaniet.no/produkt/dauphin-tosync/,produkt,200,,0,ja,product-sitemap.xml,2025-01-30,ja,"index, follow, max-image-preview:large, max-snippet:-1, max-video-preview:-1",self,Dauphin ToSync - Kontorinnredning til din bedrift | Kontorcompaniet AS,70,Sort Mesh | Sort sete | Sort lift og fotkryss,45,Dauphin ToSync,1,188,BreadcrumbList ImageObject Organization WebPage WebSite,3,9,3,0,seed,title > 65 tegn; 3 bilder uten alt
https://kontorcompaniet.no/produkt/dencon-bordplate-160x80/,produkt,200,,0,ja,product-sitemap.xml,2024-04-23,ja,"index, follow, max-image-preview:large, max-snippet:-1, max-video-preview:-1",self,Dencon Bordplate 160x80 - Kontorinnredning til din bedrift | Kontorcompaniet AS,79,Flere overflater | 160x80 cm | Faset kant | Avrundede hjørner | Slisse i bakkant,80,Dencon Bordplate 160×80,1,239,BreadcrumbList ImageObject Organization WebPage WebSite,72,18,3,0,seed,title > 65 tegn; 3 bilder uten alt
https://kontorcompaniet.no/produkt/dencon-delta-konferansebord-140x80-cm/,produkt,200,,0,ja,product-sitemap.xml,2024-05-23,ja,"index, follow, max-image-preview:large, max-snippet:-1, max-video-preview:-1",self,Dencon Delta Konferansebord 140x80 cm - Kontorinnredning til din bedrift | Kontorcompaniet AS,93,Velg variant | Dim: 140x80 | Faset klant,40,Dencon Delta Konferansebord 140×80 cm,1,278,BreadcrumbList ImageObject Organization WebPage WebSite,73,20,3,0,seed,title > 65 tegn; 3 bilder uten alt
https://kontorcompaniet.no/produkt/dencon-delta-konferansebord-160x80-cm/,produkt,200,,0,ja,product-sitemap.xml,2024-05-23,ja,"index, follow, max-image-preview:large, max-snippet:-1, max-video-preview:-1",self,Dencon Delta Konferansebord 160x80 cm - Kontorinnredning til din bedrift | Kontorcompaniet AS,93,Velg variant | Dim: 160x80 | Faset klant,40,Dencon Delta Konferansebord 160×80 cm,1,273,BreadcrumbList ImageObject Organization WebPage WebSite,71,20,3,0,seed,title > 65 tegn; 3 bilder uten alt
https://kontorcompaniet.no/produkt/dencon-delta-konferansebord-180x80-cm/,produkt,200,,0,ja,product-sitemap.xml,2024-05-23,ja,"index, follow, max-image-preview:large, max-snippet:-1, max-video-preview:-1",self,Dencon Delta Konferansebord 180x80 cm - Kontorinnredning til din bedrift | Kontorcompaniet AS,93,Velg variant | Dim: 180x80 | Faset klant,40,Dencon Delta Konferansebord 180×80 cm,1,282,BreadcrumbList ImageObject Organization WebPage WebSite,77,20,3,0,seed,title > 65 tegn; 3 bilder uten alt
https://kontorcompaniet.no/produkt/dencon-delta-konferansebord-180x90-cm/,produkt,200,,0,ja,product-sitemap.xml,2024-05-23,ja,"index, follow, max-image-preview:large, max-snippet:-1, max-video-preview:-1",self,Dencon Delta Konferansebord 180x90 cm - Kontorinnredning til din bedrift | Kontorcompaniet AS,93,Velg variant | Dim: 180x90 | Faset klant,40,Dencon Delta Konferansebord 180×90 cm,1,276,BreadcrumbList ImageObject Organization WebPage WebSite,71,20,3,0,seed,title > 65 tegn; 3 bilder uten alt
https://kontorcompaniet.no/produkt/dencon-delta-konferansebord-200x100-cm/,produkt,200,,0,ja,product-sitemap.xml,2024-05-23,ja,"index, follow, max-image-preview:large, max-snippet:-1, max-video-preview:-1",self,Dencon Delta Konferansebord 200x100 cm - Kontorinnredning til din bedrift | Kontorcompaniet AS,94,Velg variant | Dim: 200x100 | Faset klant,41,Dencon Delta Konferansebord 200×100 cm,1,273,BreadcrumbList ImageObject Organization WebPage WebSite,78,20,3,0,seed,title > 65 tegn; 3 bilder uten alt
https://kontorcompaniet.no/produkt/dencon-delta-konferansebord-220x100-cm/,produkt,200,,0,ja,product-sitemap.xml,2024-05-23,ja,"index, follow, max-image-preview:large, max-snippet:-1, max-video-preview:-1",self,Dencon Delta Konferansebord 220x100 cm - Kontorinnredning til din bedrift | Kontorcompaniet AS,94,Velg variant | Dim: 220x100 | Faset klant,41,Dencon Delta Konferansebord 220×100 cm,1,268,BreadcrumbList ImageObject Organization WebPage WebSite,71,20,3,0,seed,title > 65 tegn; 3 bilder uten alt
https://kontorcompaniet.no/produkt/dencon-elektrisk-hev-senk-understell/,produkt,200,,0,ja,product-sitemap.xml,2024-04-23,ja,"index, follow, max-image-preview:large, max-snippet:-1, max-video-preview:-1",self,Dencon Elektrisk hev/senk understell - Kontorinnredning til din bedrift | Kontorcompaniet AS,92,"Sort, Hvit, Alu | 65-131 cm | T-fot 75 cm",41,Dencon Elektrisk hev/senk understell,1,163,BreadcrumbList ImageObject Organization WebPage WebSite,74,13,3,0,seed,title > 65 tegn; 3 bilder uten alt
https://kontorcompaniet.no/produkt/dencon-kabelrenne/,produkt,200,,0,ja,product-sitemap.xml,2024-04-23,ja,"index, follow, max-image-preview:large, max-snippet:-1, max-video-preview:-1",self,Dencon Kabelrenne - Kontorinnredning til din bedrift | Kontorcompaniet AS,73,"Sort, Hvit, Alu | Vippbar | Tilpasset bordlengde",48,Dencon Kabelrenne,1,167,BreadcrumbList ImageObject Organization WebPage WebSite,75,13,3,0,seed,title > 65 tegn; 3 bilder uten alt
https://kontorcompaniet.no/produkt/dencon-skap-3xa4/,produkt,200,,0,ja,product-sitemap.xml,2024-05-02,ja,"index, follow, max-image-preview:large, max-snippet:-1, max-video-preview:-1",self,Dencon Skap 3xA4 - Kontorinnredning til din bedrift | Kontorcompaniet AS,72,"Velg variant | Mål: 80 x 35 x 110,2 cm | Slagdører",50,Dencon Skap 3xA4,1,192,BreadcrumbList ImageObject Organization WebPage WebSite,72,17,3,0,seed,title > 65 tegn; 3 bilder uten alt
https://kontorcompaniet.no/produkt/dencon-skap-4xa4/,produkt,200,,0,ja,product-sitemap.xml,2024-05-02,ja,"index, follow, max-image-preview:large, max-snippet:-1, max-video-preview:-1",self,Dencon Skap 4xA4 - Kontorinnredning til din bedrift | Kontorcompaniet AS,72,"Velg variant | Mål: 80 x 35 x 145,4 cm | Slagdører",50,Dencon Skap 4xA4,1,203,BreadcrumbList ImageObject Organization WebPage WebSite,73,17,3,0,seed,title > 65 tegn; 3 bilder uten alt
https://kontorcompaniet.no/produkt/dencon-skap/,produkt,200,,0,ja,product-sitemap.xml,2024-05-02,ja,"index, follow, max-image-preview:large, max-snippet:-1, max-video-preview:-1",self,Dencon Skap 2xA4 - Kontorinnredning til din bedrift | Kontorcompaniet AS,72,Velg variant | Mål: 80 x 35 x 750 cm | Slagdører,48,Dencon Skap 2xA4,1,198,BreadcrumbList ImageObject Organization WebPage WebSite,72,17,3,0,seed,title > 65 tegn; 3 bilder uten alt
https://kontorcompaniet.no/produkt/dencon-skrivebord-120x80-cm-2/,produkt,200,,0,ja,product-sitemap.xml,2024-04-30,ja,"index, follow, max-image-preview:large, max-snippet:-1, max-video-preview:-1",self,Dencon Skrivebord 120x80 cm - Kontorinnredning til din bedrift | Kontorcompaniet AS,83,Velg utførelse | Fast understell | Vippbar kabelrenne | Faset kant - Lakkert | Avrundede hjørner,96,Dencon Skrivebord 120×80 cm,1,319,BreadcrumbList ImageObject Organization WebPage WebSite,74,13,3,0,seed,title > 65 tegn; duplikat description ×2; 3 bilder uten alt
https://kontorcompaniet.no/produkt/dencon-skrivebord-120x80-cm/,produkt,200,,0,ja,product-sitemap.xml,2024-04-30,ja,"index, follow, max-image-preview:large, max-snippet:-1, max-video-preview:-1",self,Dencon El. hev/senk Skrivebord 120x80 cm - Kontorinnredning til din bedrift | Kontorcompaniet AS,96,Velg utførelse | El. hev/senk understell 65-131 cm - Hvit | Vippbar kabelrenne - Hvit | Faset kant - Lakkert | Avrundede hjørner,128,Dencon El. hev/senk Skrivebord 120×80 cm,1,330,BreadcrumbList ImageObject Organization WebPage WebSite,71,13,3,0,seed,title > 65 tegn; 3 bilder uten alt
https://kontorcompaniet.no/produkt/dencon-skrivebord-140x80-cm-2/,produkt,200,,0,ja,product-sitemap.xml,2024-04-30,ja,"index, follow, max-image-preview:large, max-snippet:-1, max-video-preview:-1",self,Dencon Skrivebord 160x80 cm - Kontorinnredning til din bedrift | Kontorcompaniet AS,83,Velg utførelse | Fast understell | Vippbar kabelrenne - Hvit | Faset kant - Lakkert | Avrundede hjørner,103,Dencon Skrivebord 160×80 cm,1,319,BreadcrumbList ImageObject Organization WebPage WebSite,78,13,3,0,seed,title > 65 tegn; 3 bilder uten alt
https://kontorcompaniet.no/produkt/dencon-skrivebord-140x80-cm/,produkt,200,,0,ja,product-sitemap.xml,2024-04-30,ja,"index, follow, max-image-preview:large, max-snippet:-1, max-video-preview:-1",self,Dencon El. hev/senk Skrivebord 140x80 cm - Kontorinnredning til din bedrift | Kontorcompaniet AS,96,Vel utførelse | El. hev/senk understell 65-131 cm | Vippbar kabelrenne - Hvit | Faset kant - Lakkert | Avrundede hjørner,120,Dencon El. hev/senk Skrivebord 140×80 cm,1,328,BreadcrumbList ImageObject Organization WebPage WebSite,70,13,3,0,seed,title > 65 tegn; 3 bilder uten alt
https://kontorcompaniet.no/produkt/dencon-skrivebord-160x80-cm/,produkt,200,,0,ja,product-sitemap.xml,2024-04-30,ja,"index, follow, max-image-preview:large, max-snippet:-1, max-video-preview:-1",self,Dencon El. hev/senk Skrivebord 160x80 cm - Kontorinnredning til din bedrift | Kontorcompaniet AS,96,Velg utførelse | El. hev/senk understell 65-131 cm | Vippbar kabelrenne - Hvit | Faset kant - Lakkert | Avrundede hjørner,121,Dencon El. hev/senk Skrivebord 160×80 cm,1,330,BreadcrumbList ImageObject Organization WebPage WebSite,4,13,3,0,seed,title > 65 tegn; 3 bilder uten alt
https://kontorcompaniet.no/produkt/dencon-skrivebord-fast-hoyde-140x80-cm/,produkt,200,,0,ja,product-sitemap.xml,2024-04-30,ja,"index, follow, max-image-preview:large, max-snippet:-1, max-video-preview:-1",self,Dencon Skrivebord 140x80 cm - Kontorinnredning til din bedrift | Kontorcompaniet AS,83,Velg utførelse | Fast understell | Vippbar kabelrenne | Faset kant - Lakkert | Avrundede hjørner,96,Dencon Skrivebord 140×80 cm,1,325,BreadcrumbList ImageObject Organization WebPage WebSite,73,13,3,0,seed,title > 65 tegn; duplikat description ×2; 3 bilder uten alt
https://kontorcompaniet.no/produkt/dencon-utrekksskap-2xa4/,produkt,200,,0,ja,product-sitemap.xml,2024-05-02,ja,"index, follow, max-image-preview:large, max-snippet:-1, max-video-preview:-1",self,Dencon Uttrekksskap 2xA4 - Kontorinnredning til din bedrift | Kontorcompaniet AS,80,Velg variant | Mål: 40 x 80 x 75 cm,35,Dencon Uttrekksskap 2xA4,1,190,BreadcrumbList ImageObject Organization WebPage WebSite,72,17,3,0,seed,title > 65 tegn; 3 bilder uten alt
https://kontorcompaniet.no/produkt/dencon-uttrekksskap-3xa4/,produkt,200,,0,ja,product-sitemap.xml,2024-05-02,ja,"index, follow, max-image-preview:large, max-snippet:-1, max-video-preview:-1",self,Dencon Uttrekksskap 3xA4 - Kontorinnredning til din bedrift | Kontorcompaniet AS,80,"Velg variant | Mål: 40 x 80 x 110,2 cm",38,Dencon Uttrekksskap 3xA4,1,194,BreadcrumbList ImageObject Organization WebPage WebSite,73,17,3,0,seed,title > 65 tegn; 3 bilder uten alt
https://kontorcompaniet.no/produkt/evoline-circle80-disq/,produkt,500,,0,ja,product-sitemap.xml,2024-05-22,nei,"index, follow, max-image-preview:large, max-snippet:-1, max-video-preview:-1",self,Evoline Circle80 DisQ - Kontorinnredning til din bedrift | Kontorcompaniet AS,77,Velg farge | 1 x El + 2 x USB (A+C) | | Qi lading| Wieland plugg,64,Evoline Circle80 DisQ,1,52,BreadcrumbList ImageObject Organization WebPage WebSite,74,5,2,0,seed,HTTP 500; i sitemap men ikke 200; title > 65 tegn; 2 bilder uten alt
https://kontorcompaniet.no/produkt/evoline-circle80/,produkt,200,,0,ja,product-sitemap.xml,2024-05-16,ja,"index, follow, max-image-preview:large, max-snippet:-1, max-video-preview:-1",self,Evoline Circle80 - Kontorinnredning til din bedrift | Kontorcompaniet AS,72,Velg farge | 1 x El + 2 x USB (A+C) | Wieland plugg,51,Evoline Circle80,1,227,BreadcrumbList ImageObject Organization WebPage WebSite,73,16,3,0,seed,title > 65 tegn; 3 bilder uten alt
https://kontorcompaniet.no/produkt/evoline-express-2xel-klikksystem/,produkt,200,,0,ja,product-sitemap.xml,2024-05-22,ja,"index, follow, max-image-preview:large, max-snippet:-1, max-video-preview:-1",self,Evoline Express 2 x Schuko Klikksystem - Kontorinnredning til din bedrift | Kontorcompaniet AS,94,Velg farge | 2x Schuko | Wieland kontakt inn/ut | Modulær løsning,65,Evoline Express 2 x Schuko Klikksystem,1,205,BreadcrumbList ImageObject Organization WebPage WebSite,71,12,3,0,seed,title > 65 tegn; 3 bilder uten alt
https://kontorcompaniet.no/produkt/evoline-express-3xschuko-klikksystem/,produkt,200,,0,ja,product-sitemap.xml,2024-05-22,ja,"index, follow, max-image-preview:large, max-snippet:-1, max-video-preview:-1",self,Evoline Express 3 x Schuko Klikksystem - Kontorinnredning til din bedrift | Kontorcompaniet AS,94,Velg farge | 3x Schuko | Wieland kontakt inn/ut | Modulær løsning,65,Evoline Express 3 x Schuko Klikksystem,1,194,BreadcrumbList ImageObject Organization WebPage WebSite,73,12,3,0,seed,title > 65 tegn; 3 bilder uten alt
https://kontorcompaniet.no/produkt/evoline-express-4xel-klikksystem/,produkt,200,,0,ja,product-sitemap.xml,2024-05-22,ja,"index, follow, max-image-preview:large, max-snippet:-1, max-video-preview:-1",self,Evoline Express 4 x Schuko Klikksystem - Kontorinnredning til din bedrift | Kontorcompaniet AS,94,Velg farge | 4x Schuko | Wieland kontakt inn/ut | Modulær løsning,65,Evoline Express 4 x Schuko Klikksystem,1,194,BreadcrumbList ImageObject Organization WebPage WebSite,71,12,3,0,seed,title > 65 tegn; 3 bilder uten alt
https://kontorcompaniet.no/produkt/evoline-matafix-kabelsamler-20m/,produkt,200,,0,ja,product-sitemap.xml,2024-05-22,ja,"index, follow, max-image-preview:large, max-snippet:-1, max-video-preview:-1",self,Evoline Matafix Kabelsamler 20m - Kontorinnredning til din bedrift | Kontorcompaniet AS,87,Velg farge | Dia 25 mm | 20 meter,33,Evoline Matafix Kabelsamler 20m,1,156,BreadcrumbList ImageObject Organization WebPage WebSite,72,17,3,0,seed,title > 65 tegn; 3 bilder uten alt
https://kontorcompaniet.no/produkt/evoline-metafix-verktoy-for-kabling/,produkt,200,,0,ja,product-sitemap.xml,2024-05-22,ja,"index, follow, max-image-preview:large, max-snippet:-1, max-video-preview:-1",self,Evoline Metafix Verktøy for kabling - Kontorinnredning til din bedrift | Kontorcompaniet AS,91,Gjør monteringen av Express-systemet enklere,44,Evoline Metafix Verktøy for kabling,1,131,BreadcrumbList ImageObject Organization WebPage WebSite,70,9,3,0,seed,title > 65 tegn; tynt innhold (<150 ord); 3 bilder uten alt
https://kontorcompaniet.no/produkt/evoline-rj45-cat6-utp-3m-gra/,produkt,200,,0,ja,product-sitemap.xml,2024-05-22,ja,"index, follow, max-image-preview:large, max-snippet:-1, max-video-preview:-1",self,"Evoline RJ45 Cat6 UTP 3m, grå - Kontorinnredning til din bedrift | Kontorcompaniet AS",85,RJ45 Cat.6 UTP | 3 meter,24,"Evoline RJ45 Cat6 UTP 3m, grå",1,137,BreadcrumbList ImageObject Organization WebPage WebSite,70,9,3,0,seed,title > 65 tegn; tynt innhold (<150 ord); 3 bilder uten alt
https://kontorcompaniet.no/produkt/evoline-rj45-cat6-utp-5m-gra/,produkt,200,,0,ja,product-sitemap.xml,2024-05-22,ja,"index, follow, max-image-preview:large, max-snippet:-1, max-video-preview:-1",self,"Evoline RJ45 Cat6 UTP 5m, grå - Kontorinnredning til din bedrift | Kontorcompaniet AS",85,RJ45 Cat.6 UTP | 5 meter,24,"Evoline RJ45 Cat6 UTP 5m, grå",1,147,BreadcrumbList ImageObject Organization WebPage WebSite,74,9,3,0,seed,title > 65 tegn; tynt innhold (<150 ord); 3 bilder uten alt
https://kontorcompaniet.no/produkt/evoline-rj45-cat6-utp-75m-gra/,produkt,200,,0,ja,product-sitemap.xml,2024-05-22,ja,"index, follow, max-image-preview:large, max-snippet:-1, max-video-preview:-1",self,"Evoline RJ45 Cat6 UTP 7,5m, grå - Kontorinnredning til din bedrift | Kontorcompaniet AS",87,"RJ45 Cat.6 UTP | 7,5 meter",26,"Evoline RJ45 Cat6 UTP 7,5m, grå",1,136,BreadcrumbList ImageObject Organization WebPage WebSite,75,9,3,0,seed,title > 65 tegn; tynt innhold (<150 ord); 3 bilder uten alt
https://kontorcompaniet.no/produkt/evoline-skjotekabel-1m/,produkt,200,,0,ja,product-sitemap.xml,2024-05-22,ja,"index, follow, max-image-preview:large, max-snippet:-1, max-video-preview:-1",self,Evoline Skjøtekabel 1m - Kontorinnredning til din bedrift | Kontorcompaniet AS,78,Velg farge | Wieland han/hun | 1 meter | Modulært system,56,Evoline Skjøtekabel 1m,1,150,BreadcrumbList ImageObject Organization WebPage WebSite,74,12,3,0,seed,title > 65 tegn; 3 bilder uten alt
https://kontorcompaniet.no/produkt/evoline-skjotekabel-25m/,produkt,200,,0,ja,product-sitemap.xml,2024-05-22,ja,"index, follow, max-image-preview:large, max-snippet:-1, max-video-preview:-1",self,"Evoline Skjøtekabel 2,5m - Kontorinnredning til din bedrift | Kontorcompaniet AS",80,"Velg farge | Wieland han/hun | 2,5 meter | Modulært system",58,"Evoline Skjøtekabel 2,5m",1,145,BreadcrumbList ImageObject Organization WebPage WebSite,72,12,3,0,seed,title > 65 tegn; tynt innhold (<150 ord); 3 bilder uten alt
https://kontorcompaniet.no/produkt/evoline-skjotekabel-3m/,produkt,200,,0,ja,product-sitemap.xml,2024-05-22,ja,"index, follow, max-image-preview:large, max-snippet:-1, max-video-preview:-1",self,Evoline Skjøtekabel 3m - Kontorinnredning til din bedrift | Kontorcompaniet AS,78,Velg farge | Wieland han/hun | 3 meter | Modulært system,56,Evoline Skjøtekabel 3m,1,144,BreadcrumbList ImageObject Organization WebPage WebSite,75,12,3,0,seed,title > 65 tegn; tynt innhold (<150 ord); 3 bilder uten alt
https://kontorcompaniet.no/produkt/evoline-tilforselskabel-1m-sort/,produkt,200,,0,ja,product-sitemap.xml,2024-05-22,ja,"index, follow, max-image-preview:large, max-snippet:-1, max-video-preview:-1",self,Evoline Tilførselskabel 1m - Kontorinnredning til din bedrift | Kontorcompaniet AS,82,Velg farge | Schuko/Wieland | 1 meter | Modulært system,55,Evoline Tilførselskabel 1m,1,145,BreadcrumbList ImageObject Organization WebPage WebSite,73,12,3,0,seed,title > 65 tegn; tynt innhold (<150 ord); 3 bilder uten alt
https://kontorcompaniet.no/produkt/evoline-tilforselskabel-2m-sort/,produkt,200,,0,ja,product-sitemap.xml,2024-05-22,ja,"index, follow, max-image-preview:large, max-snippet:-1, max-video-preview:-1",self,Evoline Tilførselskabel 2m - Kontorinnredning til din bedrift | Kontorcompaniet AS,82,Velg farge | Schuko/Wieland | 2 meter | Modulært system,55,Evoline Tilførselskabel 2m,1,151,BreadcrumbList ImageObject Organization WebPage WebSite,73,12,3,0,seed,title > 65 tegn; 3 bilder uten alt
https://kontorcompaniet.no/produkt/evoline-tilforselskabel-3m-sort/,produkt,200,,0,ja,product-sitemap.xml,2024-05-22,ja,"index, follow, max-image-preview:large, max-snippet:-1, max-video-preview:-1",self,Evoline Tilførselskabel 3m - Kontorinnredning til din bedrift | Kontorcompaniet AS,82,Velg farge | Schuko/Wieland | 3 meter | Modulært system,55,Evoline Tilførselskabel 3m,1,145,BreadcrumbList ImageObject Organization WebPage WebSite,74,12,3,0,seed,title > 65 tegn; tynt innhold (<150 ord); 3 bilder uten alt
https://kontorcompaniet.no/produkt/fogia-bollo/,produkt,200,,0,ja,product-sitemap.xml,2024-04-29,ja,"index, follow, max-image-preview:large, max-snippet:-1, max-video-preview:-1",self,Fogia Bollo - Kontorinnredning til din bedrift | Kontorcompaniet AS,67,Velg blant flere varianter |,28,Fogia Bollo,1,205,BreadcrumbList ImageObject Organization WebPage WebSite,0,17,3,0,seed,title > 65 tegn; 3 bilder uten alt; foreldreløs (ingen interne lenker inn)
https://kontorcompaniet.no/produkt/fora-form-bud-unite-konferansestol/,produkt,500,,0,ja,product-sitemap.xml,2024-05-23,nei,"index, follow, max-image-preview:large, max-snippet:-1, max-video-preview:-1",self,Fora Form Bud Unite Konferansestol - Kontorinnredning til din bedrift | Kontorcompaniet AS,90,Velg variant | Polstret sete og rygg | Understell med sving og hjul,67,Fora Form Bud Unite Konferansestol,1,52,BreadcrumbList ImageObject Organization WebPage WebSite,72,4,1,0,seed,HTTP 500; i sitemap men ikke 200; title > 65 tegn; 1 bilder uten alt
https://kontorcompaniet.no/produkt/fora-form-city-4-ben/,produkt,200,,0,ja,product-sitemap.xml,2024-05-23,ja,"index, follow, max-image-preview:large, max-snippet:-1, max-video-preview:-1",self,Fora Form City 4 ben - Kontorinnredning til din bedrift | Kontorcompaniet AS,76,Velg farge | Sete i plast | Ben i pulverlakkert aluminium,57,Fora Form City 4 ben,1,267,BreadcrumbList ImageObject Organization WebPage WebSite,72,19,3,0,seed,title > 65 tegn; 3 bilder uten alt
https://kontorcompaniet.no/produkt/fora-form-kabelluke-med-bronn/,produkt,200,,0,ja,product-sitemap.xml,2024-04-24,ja,"index, follow, max-image-preview:large, max-snippet:-1, max-video-preview:-1",self,Fora Form Kabelluke med brønn - Kontorinnredning til din bedrift | Kontorcompaniet AS,85,Kabelluke med brønn | Levers som std i samme utførelse som bordplate,68,Fora Form Kabelluke med brønn,1,169,BreadcrumbList ImageObject Organization WebPage WebSite,73,9,3,0,seed,title > 65 tegn; 3 bilder uten alt
https://kontorcompaniet.no/produkt/fora-form-kvart-motebord-240x120-2/,produkt,200,,0,ja,product-sitemap.xml,2024-05-23,ja,"index, follow, max-image-preview:large, max-snippet:-1, max-video-preview:-1",self,Fora Form Kvart Møtebord 240x120 - Kontorinnredning til din bedrift | Kontorcompaniet AS,88,Velg blant flere utførelser | Dim: 240x120 cm,45,Fora Form Kvart Møtebord 240×120,1,316,BreadcrumbList ImageObject Organization WebPage WebSite,71,15,3,0,seed,title > 65 tegn; 3 bilder uten alt
https://kontorcompaniet.no/produkt/fora-form-kvart-motebord-240x120/,produkt,200,,0,ja,product-sitemap.xml,2024-05-23,ja,"index, follow, max-image-preview:large, max-snippet:-1, max-video-preview:-1",self,Fora Form Kvart Møtebord 200x120 - Kontorinnredning til din bedrift | Kontorcompaniet AS,88,Velg blant flere utførelser | Dim: 200x120 cm,45,Fora Form Kvart Møtebord 200×120,1,305,BreadcrumbList ImageObject Organization WebPage WebSite,73,15,3,0,seed,title > 65 tegn; 3 bilder uten alt
https://kontorcompaniet.no/produkt/fora-form-kvart-motebord-260x120/,produkt,200,,0,ja,product-sitemap.xml,2024-05-23,ja,"index, follow, max-image-preview:large, max-snippet:-1, max-video-preview:-1",self,Fora Form Kvart Møtebord 260x120 - Kontorinnredning til din bedrift | Kontorcompaniet AS,88,Velg blant flere utførelser | Dim: 260x120 cm,45,Fora Form Kvart Møtebord 260×120,1,302,BreadcrumbList ImageObject Organization WebPage WebSite,70,15,3,0,seed,title > 65 tegn; 3 bilder uten alt
https://kontorcompaniet.no/produkt/fora-form-senso-2-seter-hoy/,produkt,500,,0,ja,product-sitemap.xml,2024-05-22,nei,"index, follow, max-image-preview:large, max-snippet:-1, max-video-preview:-1",self,Fora Form Senso 2-seter Høy - Kontorinnredning til din bedrift | Kontorcompaniet AS,83,Velg variant | Dim: 195x66x120 cm,33,Fora Form Senso 2-seter Høy,1,46,BreadcrumbList ImageObject Organization WebPage WebSite,75,6,2,0,seed,HTTP 500; i sitemap men ikke 200; title > 65 tegn; duplikat description ×2; 2 bilder uten alt
https://kontorcompaniet.no/produkt/fora-form-senso-3-seter-hoy-pent-brukt/,produkt,200,,0,ja,product-sitemap.xml,2024-05-08,ja,"index, follow, max-image-preview:large, max-snippet:-1, max-video-preview:-1",self,Fora Form Senso 3-seter Høy (Pent brukt) - Kontorinnredning til din bedrift | Kontorcompaniet AS,96,Meget pen | Kvadrat Maple #Grå | Grønne ben,43,Fora Form Senso 3-seter Høy (Pent brukt),1,161,BreadcrumbList ImageObject Organization WebPage WebSite,74,9,3,0,seed,title > 65 tegn; 3 bilder uten alt
https://kontorcompaniet.no/produkt/fora-form-senso-3-seter-hoy/,produkt,500,,0,ja,product-sitemap.xml,2024-05-22,nei,"index, follow, max-image-preview:large, max-snippet:-1, max-video-preview:-1",self,Fora Form Senso 3-seter Høy - Kontorinnredning til din bedrift | Kontorcompaniet AS,83,Velg variant | Dim: 195x66x120 cm,33,Fora Form Senso 3-seter Høy,1,46,BreadcrumbList ImageObject Organization WebPage WebSite,74,5,2,0,seed,HTTP 500; i sitemap men ikke 200; title > 65 tegn; duplikat description ×2; 2 bilder uten alt
https://kontorcompaniet.no/produkt/gullegg-18-cm-anthon-berg-spesial/,firmagave,200,,0,ja,product-sitemap.xml,2026-01-30,ja,"index, follow, max-image-preview:large, max-snippet:-1, max-video-preview:-1",self,Gullegg 18 cm Anthon Berg spesial - Kontorinnredning til din bedrift | Kontorcompaniet AS,89,"Innhold: Anthon Berg Opera Mints 140g, Anthon Berg Fugleegg / Marsipanegg Påske 80g, Anthon Berg Mandelegg 80g pose Påske 80g, Anthon Berg Marsipanbrød 25g.",156,Gullegg 18 cm Anthon Berg spesial,1,146,BreadcrumbList ImageObject Organization WebPage WebSite,72,9,3,0,seed,title > 65 tegn; tynt innhold (<150 ord); 3 bilder uten alt
https://kontorcompaniet.no/produkt/gullegg-med-italienske-sjokoladekuler-15-cm/,firmagave,200,,0,ja,product-sitemap.xml,2026-01-30,ja,"index, follow, max-image-preview:large, max-snippet:-1, max-video-preview:-1",self,Gullegg med Italienske sjokoladekuler 15 cm - Kontorinnredning til din bedrift | Kontorcompaniet AS,99,Italienske sjokoladekuler 300 g.,32,Gullegg med Italienske sjokoladekuler 15 cm,1,113,BreadcrumbList ImageObject Organization WebPage WebSite,72,9,3,0,seed,title > 65 tegn; tynt innhold (<150 ord); 3 bilder uten alt
https://kontorcompaniet.no/produkt/gullegg-med-italienske-sjokoladekuler-18-cm/,firmagave,200,,0,ja,product-sitemap.xml,2026-01-30,ja,"index, follow, max-image-preview:large, max-snippet:-1, max-video-preview:-1",self,Gullegg med Italienske sjokoladekuler 18 cm - Kontorinnredning til din bedrift | Kontorcompaniet AS,99,Italienske sjokoladekuler 500 g.,32,Gullegg med Italienske sjokoladekuler 18 cm,1,111,BreadcrumbList ImageObject Organization WebPage WebSite,73,9,3,0,seed,title > 65 tegn; tynt innhold (<150 ord); 3 bilder uten alt
https://kontorcompaniet.no/produkt/gullegg-med-italienske-sjokoladekuler-20-cm/,firmagave,200,,0,ja,product-sitemap.xml,2026-01-30,ja,"index, follow, max-image-preview:large, max-snippet:-1, max-video-preview:-1",self,Gullegg med Italienske sjokoladekuler 20 cm - Kontorinnredning til din bedrift | Kontorcompaniet AS,99,v,1,Gullegg med Italienske sjokoladekuler 20 cm,1,105,BreadcrumbList ImageObject Organization WebPage WebSite,72,9,3,0,seed,title > 65 tegn; tynt innhold (<150 ord); 3 bilder uten alt
https://kontorcompaniet.no/produkt/gullegg-med-merkesjokolade-15-cm/,firmagave,200,,0,ja,product-sitemap.xml,2026-01-30,ja,"index, follow, max-image-preview:large, max-snippet:-1, max-video-preview:-1",self,Gullegg med merkesjokolade 15 cm - Kontorinnredning til din bedrift | Kontorcompaniet AS,88,Merkesjokolade 200 g.,21,Gullegg med merkesjokolade 15 cm,1,110,BreadcrumbList ImageObject Organization WebPage WebSite,74,9,3,0,seed,title > 65 tegn; tynt innhold (<150 ord); 3 bilder uten alt
https://kontorcompaniet.no/produkt/gullegg-med-merkesjokolade-18-cm/,firmagave,200,,0,ja,product-sitemap.xml,2026-01-30,ja,"index, follow, max-image-preview:large, max-snippet:-1, max-video-preview:-1",self,Gullegg med merkesjokolade 18 cm - Kontorinnredning til din bedrift | Kontorcompaniet AS,88,Merkesjokolade 400 g.,21,Gullegg med merkesjokolade 18 cm,1,111,BreadcrumbList ImageObject Organization WebPage WebSite,72,9,3,0,seed,title > 65 tegn; tynt innhold (<150 ord); 3 bilder uten alt
https://kontorcompaniet.no/produkt/gullegg-med-merkesjokolade-20-cm/,firmagave,200,,0,ja,product-sitemap.xml,2026-01-30,ja,"index, follow, max-image-preview:large, max-snippet:-1, max-video-preview:-1",self,Gullegg med merkesjokolade 20 cm - Kontorinnredning til din bedrift | Kontorcompaniet AS,88,Merkesjokolade 600 g,20,Gullegg med merkesjokolade 20 cm,1,105,BreadcrumbList ImageObject Organization WebPage WebSite,75,9,3,0,seed,title > 65 tegn; tynt innhold (<150 ord); 3 bilder uten alt
https://kontorcompaniet.no/produkt/hag-capisco-8106/,produkt,200,,0,ja,product-sitemap.xml,2025-01-30,ja,"index, follow, max-image-preview:large, max-snippet:-1, max-video-preview:-1",self,Håg Capsico 8106 - Kontorinnredning til din bedrift | Kontorcompaniet AS,72,Håg Capsico. En norskprodusert ergonomisk kontorstol med 10 års garanti*. Denne klassikeren er et design-ikon og et utmerket alternativ for å fremme aktiv sittestilling. Anbefalt av fysioterapeuter for de med fysiske plager.,224,Håg Capsico 8106,1,215,BreadcrumbList ImageObject Organization WebPage WebSite,3,12,3,0,seed,title > 65 tegn; 3 bilder uten alt
https://kontorcompaniet.no/produkt/hag-celi-9100/,produkt,500,,0,ja,product-sitemap.xml,2024-05-24,nei,"index, follow, max-image-preview:large, max-snippet:-1, max-video-preview:-1",self,Håg Celi 9100 - Kontorinnredning til din bedrift | Kontorcompaniet AS,69,Velg variant | Plast sete/rygg | Lakker alu ramme,49,Håg Celi 9100,1,44,BreadcrumbList ImageObject Organization WebPage WebSite,71,9,2,0,seed,HTTP 500; i sitemap men ikke 200; title > 65 tegn; 2 bilder uten alt
https://kontorcompaniet.no/produkt/hag-creed-6006-kontorstol/,produkt,500,,0,ja,product-sitemap.xml,2024-05-24,nei,"index, follow, max-image-preview:large, max-snippet:-1, max-video-preview:-1",self,Håg Creed 6006 Kontorstol - Kontorinnredning til din bedrift | Kontorcompaniet AS,81,Gabriel Select #SC60999 | Sorte detaljer | Std armlener,55,Håg Creed 6006 Kontorstol,1,55,BreadcrumbList ImageObject Organization WebPage WebSite,72,5,2,0,seed,HTTP 500; i sitemap men ikke 200; title > 65 tegn; 2 bilder uten alt
https://kontorcompaniet.no/produkt/hag-futu-mesh-1100-s/,produkt,200,,0,ja,product-sitemap.xml,2024-05-24,ja,"index, follow, max-image-preview:large, max-snippet:-1, max-video-preview:-1",self,Håg Futu Mesh 1100-S - Kontorinnredning til din bedrift | Kontorcompaniet AS,76,Velg variant | Futu mesh / Futu Knit Solid | Armlen,51,Håg Futu Mesh 1100-S,1,263,BreadcrumbList ImageObject Organization WebPage WebSite,74,33,3,0,seed,title > 65 tegn; 3 bilder uten alt
https://kontorcompaniet.no/produkt/hag-sofi-mesh-7500-2/,produkt,200,,0,ja,product-sitemap.xml,2025-01-30,ja,"index, follow, max-image-preview:large, max-snippet:-1, max-video-preview:-1",self,Håg Sofi Mesh 7500 - Kontorinnredning til din bedrift | Kontorcompaniet AS,74,En ergonomisk kontorstol for den kresne. Et norskprodusert og miljøvennlig alternativ med 10 års garanti. Lagerføres for kort leveringstid,138,Håg Sofi Mesh 7500,1,216,BreadcrumbList ImageObject Organization WebPage WebSite,4,12,3,0,seed,title > 65 tegn; 3 bilder uten alt
https://kontorcompaniet.no/produkt/hag-tribute-9021-kontorstol/,produkt,500,,0,ja,product-sitemap.xml,2024-05-24,nei,"index, follow, max-image-preview:large, max-snippet:-1, max-video-preview:-1",self,Håg Tribute 9021 Kontorstol - Kontorinnredning til din bedrift | Kontorcompaniet AS,83,Gabriel Select #SC60999 | Sorte detaljer | Tiltdown armlener,60,Håg Tribute 9021 Kontorstol,1,55,BreadcrumbList ImageObject Organization WebPage WebSite,73,5,2,0,seed,HTTP 500; i sitemap men ikke 200; title > 65 tegn; 2 bilder uten alt
https://kontorcompaniet.no/produkt/hag-tribute-9031-kontorstol/,produkt,500,,0,ja,product-sitemap.xml,2024-05-24,nei,"index, follow, max-image-preview:large, max-snippet:-1, max-video-preview:-1",self,Håg Tribute 9031 Kontorstol - Kontorinnredning til din bedrift | Kontorcompaniet AS,83,Gabriel Select #SC60999 | Sorte detaljer | Nakkestøtte | Tiltdown armlener,74,Håg Tribute 9031 Kontorstol,1,57,BreadcrumbList ImageObject Organization WebPage WebSite,71,5,2,0,seed,HTTP 500; i sitemap men ikke 200; title > 65 tegn; 2 bilder uten alt
https://kontorcompaniet.no/produkt/hay-about-a-chair-222/,produkt,200,,0,ja,product-sitemap.xml,2024-05-23,ja,"index, follow, max-image-preview:large, max-snippet:-1, max-video-preview:-1",self,Hay About a Chair 222 - Kontorinnredning til din bedrift | Kontorcompaniet AS,77,Velg variant | Sete i plast | Ben i eik eller valnøtt,53,Hay About a Chair 222,1,409,BreadcrumbList ImageObject Organization WebPage WebSite,70,58,3,0,seed,title > 65 tegn; 3 bilder uten alt
https://kontorcompaniet.no/produkt/horreds-mute-focus-high-utstillingsprodukt/,produkt,200,,0,ja,product-sitemap.xml,2024-05-08,ja,"index, follow, max-image-preview:large, max-snippet:-1, max-video-preview:-1",self,Horreds Mute Focus High (Utstillingsprodukt) - Kontorinnredning til din bedrift | Kontorcompaniet AS,100,Eik | Grå og Burgunder tekstil | Sorte ben | Arbeidsbord venstre,64,Horreds Mute Focus High (Utstillingsprodukt),1,117,BreadcrumbList ImageObject Organization WebPage WebSite,72,8,3,0,seed,title > 65 tegn; tynt innhold (<150 ord); 3 bilder uten alt
https://kontorcompaniet.no/produkt/horreds-mute-focus-low-utstillingsprodukt-2/,produkt,200,,0,ja,product-sitemap.xml,2024-05-08,ja,"index, follow, max-image-preview:large, max-snippet:-1, max-video-preview:-1",self,Horreds Mute Focus Low (Utstillingsprodukt) - Kontorinnredning til din bedrift | Kontorcompaniet AS,99,Eik | Blå og burgunder tekstil | Sorte ben | Arbeidsbord høyre,62,Horreds Mute Focus Low (Utstillingsprodukt),1,117,BreadcrumbList ImageObject Organization WebPage WebSite,71,8,3,0,seed,duplikat title ×2; title > 65 tegn; tynt innhold (<150 ord); 3 bilder uten alt
https://kontorcompaniet.no/produkt/horreds-mute-focus-low-utstillingsprodukt/,produkt,200,,0,ja,product-sitemap.xml,2024-05-08,ja,"index, follow, max-image-preview:large, max-snippet:-1, max-video-preview:-1",self,Horreds Mute Focus Low (Utstillingsprodukt) - Kontorinnredning til din bedrift | Kontorcompaniet AS,99,Mørkebrun Ask | Brugunder tekstil | Sorte ben | Arbeidsbord venstre,67,Horreds Mute Focus Low (Utstillingsprodukt),1,116,BreadcrumbList ImageObject Organization WebPage WebSite,71,8,3,0,seed,duplikat title ×2; title > 65 tegn; tynt innhold (<150 ord); 3 bilder uten alt
https://kontorcompaniet.no/produkt/italienske-smaker-i-gaveeske-medium/,firmagave,200,,0,ja,product-sitemap.xml,2026-01-30,ja,"index, follow, max-image-preview:large, max-snippet:-1, max-video-preview:-1",self,Italienske smaker i gaveeske medium - Kontorinnredning til din bedrift | Kontorcompaniet AS,91,"Innhold: Olivenolje Ex verg Classico 250ml, Balsamico 250ml, Pesto Alla Genovese 140g, Soltørkede tomater 140g, Tapenade sorte oliven 140g, Prosciutto D’Italia skivet 80g, Bruschetta naturell 175g.",197,Italienske smaker i gaveeske medium,1,159,BreadcrumbList ImageObject Organization WebPage WebSite,69,9,3,0,seed,title > 65 tegn; 3 bilder uten alt
https://kontorcompaniet.no/produkt/italienske-smaker-i-gaveeske/,firmagave,200,,0,ja,product-sitemap.xml,2026-01-30,ja,"index, follow, max-image-preview:large, max-snippet:-1, max-video-preview:-1",self,Italienske smaker i gaveeske - Kontorinnredning til din bedrift | Kontorcompaniet AS,84,"Innhold: Olivolja Ex Verg-Classico 0,25l, Pesto Alla Genovese 140g, Tapenade sorte oliven 140g, Soltørkede tomater 140g, Grønne Snack Oliven hvitløk 70g, Bruschetta naturell 175g.",179,Italienske smaker i gaveeske,1,145,BreadcrumbList ImageObject Organization WebPage WebSite,69,9,3,0,seed,title > 65 tegn; tynt innhold (<150 ord); 3 bilder uten alt
https://kontorcompaniet.no/produkt/kortreist-spekemat-i-gaveeske/,firmagave,200,,0,ja,product-sitemap.xml,2026-01-30,ja,"index, follow, max-image-preview:large, max-snippet:-1, max-video-preview:-1",self,Kortreist spekemat i gaveeske - Kontorinnredning til din bedrift | Kontorcompaniet AS,85,"Innhold: Westfaler Spekeskinke 70g, Norsk spekeskinke 75g, Elgpølse 200g, Rødvinspølse 200g, Akevittgele Gourmet Lisa 280g.",123,Kortreist spekemat i gaveeske,1,129,BreadcrumbList ImageObject Organization WebPage WebSite,69,9,3,0,seed,title > 65 tegn; tynt innhold (<150 ord); 3 bilder uten alt
https://kontorcompaniet.no/produkt/muuto-outline-3-seter-2/,produkt,200,,0,ja,product-sitemap.xml,2024-04-19,ja,"index, follow, max-image-preview:large, max-snippet:-1, max-video-preview:-1",self,Muuto Outline 3 seter - Kontorinnredning til din bedrift | Kontorcompaniet AS,77,"Stilig 3-seter sofa fra Muuto, designet av norske Andersen & Voll. Stoppet med kaldskum og et lag med dun, som gjør den fast, men likevel komfortabel og sitte i. Ben i pulverlakkert utførelse.Trukket i Kvadrat Remix 163 (Sort), med sorte ben",241,Muuto Outline 3 seter,1,232,BreadcrumbList ImageObject Organization WebPage WebSite,2,10,3,0,seed,duplikat title ×3; title > 65 tegn; duplikat description ×3; 3 bilder uten alt
https://kontorcompaniet.no/produkt/muuto-outline-3-seter-3/,produkt,200,,0,ja,product-sitemap.xml,2024-04-19,ja,"index, follow, max-image-preview:large, max-snippet:-1, max-video-preview:-1",self,Muuto Outline 3 seter - Kontorinnredning til din bedrift | Kontorcompaniet AS,77,"Stilig 3-seter sofa fra Muuto, designet av norske Andersen & Voll. Stoppet med kaldskum og et lag med dun, som gjør den fast, men likevel komfortabel og sitte i. Ben i pulverlakkert utførelse.Trukket i Kvadrat Remix 163 (Sort), med sorte ben",241,Muuto Outline 3 seter,1,234,BreadcrumbList ImageObject Organization WebPage WebSite,2,10,3,0,seed,duplikat title ×3; title > 65 tegn; duplikat description ×3; 3 bilder uten alt
https://kontorcompaniet.no/produkt/muuto-outline-3-seter/,produkt,200,,0,ja,product-sitemap.xml,2024-04-19,ja,"index, follow, max-image-preview:large, max-snippet:-1, max-video-preview:-1",self,Muuto Outline 3 seter - Kontorinnredning til din bedrift | Kontorcompaniet AS,77,"Stilig 3-seter sofa fra Muuto, designet av norske Andersen & Voll. Stoppet med kaldskum og et lag med dun, som gjør den fast, men likevel komfortabel og sitte i. Ben i pulverlakkert utførelse.Trukket i Kvadrat Remix 163 (Sort), med sorte ben",241,Muuto Outline 3 seter,1,234,BreadcrumbList ImageObject Organization WebPage WebSite,2,10,3,0,seed,duplikat title ×3; title > 65 tegn; duplikat description ×3; 3 bilder uten alt
https://kontorcompaniet.no/produkt/norsk-spekemat-2-pk/,firmagave,200,,0,ja,product-sitemap.xml,2026-01-30,ja,"index, follow, max-image-preview:large, max-snippet:-1, max-video-preview:-1",self,Norsk spekemat 2 pk - Kontorinnredning til din bedrift | Kontorcompaniet AS,75,"Innhold: Rødvinspølse 200g, Skaupølse Med Elg & Blåbær 200g, Potetflatbrød 210g.",80,Norsk spekemat 2 pk,1,123,BreadcrumbList ImageObject Organization WebPage WebSite,69,9,3,0,seed,title > 65 tegn; tynt innhold (<150 ord); 3 bilder uten alt
https://kontorcompaniet.no/produkt/norsk-spekemat-3-pk/,firmagave,200,,0,ja,product-sitemap.xml,2026-01-30,ja,"index, follow, max-image-preview:large, max-snippet:-1, max-video-preview:-1",self,Norsk spekemat 3 pk - Kontorinnredning til din bedrift | Kontorcompaniet AS,75,"Innhold: Måsabjønn Spekepølse 200g, Rødvinspølse 200g, Skaupølse med Elg & Blåbær 200g, Potetflatbrød 210g.",107,Norsk spekemat 3 pk,1,131,BreadcrumbList ImageObject Organization WebPage WebSite,69,9,3,0,seed,title > 65 tegn; tynt innhold (<150 ord); 3 bilder uten alt
https://kontorcompaniet.no/produkt/olasekken-med-paskegodt-2/,firmagave,200,,0,ja,product-sitemap.xml,2026-01-30,ja,"index, follow, max-image-preview:large, max-snippet:-1, max-video-preview:-1",self,Olasekken med påskegodt - Kontorinnredning til din bedrift | Kontorcompaniet AS,79,"Innhold: Olasekk med norsk flagg, Sitteunderlag, Kvikk Lunsj 47g, Kolibriegg pose 168g, Asina appelsin brus, Kim Salt Crunch 30g, Påskekompiser 120g, Smash 100g, Påskeegg 12 cm Norske klassikere 160g.",200,Olasekken med påskegodt,1,151,BreadcrumbList ImageObject Organization WebPage WebSite,73,9,3,0,seed,title > 65 tegn; 3 bilder uten alt
https://kontorcompaniet.no/produkt/olasekken-med-snadder-2/,firmagave,200,,0,ja,product-sitemap.xml,2026-01-30,ja,"index, follow, max-image-preview:large, max-snippet:-1, max-video-preview:-1",self,Olasekken med snadder - Kontorinnredning til din bedrift | Kontorcompaniet AS,77,"Innhold: Olasekk med norsk flagg, Sitteunderlag, Rødvinspølse snabb 220 g, President Snacking Brie 180g, Kolibriegg pose 168g, Sætre salt kjeks, Kims Salt Crunch 30g, Cocio 250ml.",179,Olasekken med snadder,1,149,BreadcrumbList ImageObject Organization WebPage WebSite,69,9,3,0,seed,title > 65 tegn; tynt innhold (<150 ord); 3 bilder uten alt
https://kontorcompaniet.no/produkt/olasekken-sott-og-salt-i-kjolesekken-2/,firmagave,200,,0,ja,product-sitemap.xml,2026-01-30,ja,"index, follow, max-image-preview:large, max-snippet:-1, max-video-preview:-1",self,Olasekken – Søtt og salt i kjølesekken - Kontorinnredning til din bedrift | Kontorcompaniet AS,94,"Innhold: Olasekk med norsk flagg rød, Sitteunderlag, Asina Appelsin brus, Cocio 250ml, Serranoskinke skivet 55g, Taga Chorizo spekepølse 70g, Ritz kjeks 200g, Taga Salchicon spekepølse , Baby Bell Mini Ost 120g, Påskeegg 12 cm Norske klassikere 160g.",250,Olasekken – Søtt og salt i kjølesekken,1,181,BreadcrumbList ImageObject Organization WebPage WebSite,69,9,3,0,seed,title > 65 tegn; 3 bilder uten alt
https://kontorcompaniet.no/produkt/paskeegg-12-cm-klassikere/,firmagave,200,,0,ja,product-sitemap.xml,2026-01-30,ja,"index, follow, max-image-preview:large, max-snippet:-1, max-video-preview:-1",self,Påskeegg 15 cm smågodt og IPB 400g - Kontorinnredning til din bedrift | Kontorcompaniet AS,90,"Innhold: Smågodt 200g, IPB Classic 100g, Kvikk Lunsj 47g, Eventyr Melk 24g, Anthon Berg Marsipanbrød 25g.


 	Innholdet pakkes i tette resirkulerbare porsjonsposer.",164,Påskeegg 15 cm smågodt og IPB 400g,1,146,BreadcrumbList ImageObject Organization WebPage WebSite,75,9,3,0,seed,title > 65 tegn; tynt innhold (<150 ord); 3 bilder uten alt
https://kontorcompaniet.no/produkt/paskeegg-12-cm-smagodt/,firmagave,200,,0,ja,product-sitemap.xml,2026-01-30,ja,"index, follow, max-image-preview:large, max-snippet:-1, max-video-preview:-1",self,Påskeegg 12 cm Smågodt - Kontorinnredning til din bedrift | Kontorcompaniet AS,78,"Innhold: Smågodtblanding 200g.
Innholdet pakkes i tette resirkulerbare porsjonsposer.",85,Påskeegg 12 cm Smågodt,1,119,BreadcrumbList ImageObject Organization WebPage WebSite,76,9,3,0,seed,title > 65 tegn; duplikat description ×4; tynt innhold (<150 ord); 3 bilder uten alt
https://kontorcompaniet.no/produkt/paskeegg-13-cm-smagodt-og-sjokolade/,firmagave,200,,0,ja,product-sitemap.xml,2026-01-30,ja,"index, follow, max-image-preview:large, max-snippet:-1, max-video-preview:-1",self,Påskeegg 13 cm Smågodt og Sjokolade - Kontorinnredning til din bedrift | Kontorcompaniet AS,91,"Innhold: Smågodtblanding 600g og sjokoladeblanding 400g.


 	Innholdet pakkes i tette resirkulerbare porsjonsposer.",115,Påskeegg 13 cm Smågodt og Sjokolade,1,123,BreadcrumbList ImageObject Organization WebPage WebSite,73,9,3,0,seed,title > 65 tegn; tynt innhold (<150 ord); 3 bilder uten alt
https://kontorcompaniet.no/produkt/paskeegg-15-cm-merkevarer/,firmagave,200,,0,ja,product-sitemap.xml,2026-01-30,ja,"index, follow, max-image-preview:large, max-snippet:-1, max-video-preview:-1",self,Påskeegg 15 cm merkevarer - Kontorinnredning til din bedrift | Kontorcompaniet AS,81,"Innhold: Godt & Blandet 50g, Eventyr Melk 24g, Kvikk Lunsj 47g, Squashies Drumstick 60g, Kolibri Marsipanegg 58g, Lion bit 16g, Troika 15g, Stratos Bit 10g.",156,Påskeegg 15 cm merkevarer,1,147,BreadcrumbList ImageObject Organization WebPage WebSite,74,9,3,0,seed,title > 65 tegn; tynt innhold (<150 ord); 3 bilder uten alt
https://kontorcompaniet.no/produkt/paskeegg-15-cm-smagodt-og-sjokolade/,firmagave,200,,0,ja,product-sitemap.xml,2026-01-30,ja,"index, follow, max-image-preview:large, max-snippet:-1, max-video-preview:-1",self,Påskeegg 15 cm Smågodt og Sjokolade - Kontorinnredning til din bedrift | Kontorcompaniet AS,91,"Innhold: Smågodtblanding 200g og sjokoladeblanding 150g.


 	Innholdet pakkes i tette resirkulerbare porsjonsposer.",115,Påskeegg 15 cm Smågodt og Sjokolade,1,125,BreadcrumbList ImageObject Organization WebPage WebSite,79,9,3,0,seed,title > 65 tegn; tynt innhold (<150 ord); 3 bilder uten alt
https://kontorcompaniet.no/produkt/paskeegg-15-cm-smagodt/,firmagave,200,,0,ja,product-sitemap.xml,2026-01-30,ja,"index, follow, max-image-preview:large, max-snippet:-1, max-video-preview:-1",self,Påskeegg 15 cm Smågodt - Kontorinnredning til din bedrift | Kontorcompaniet AS,78,"Innhold: Smågodtblanding 200g.
Innholdet pakkes i tette resirkulerbare porsjonsposer.",85,Påskeegg 15 cm Smågodt,1,118,BreadcrumbList ImageObject Organization WebPage WebSite,74,9,3,0,seed,title > 65 tegn; duplikat description ×4; tynt innhold (<150 ord); 3 bilder uten alt
https://kontorcompaniet.no/produkt/paskeegg-18-cm-merkevarer/,firmagave,200,,0,ja,product-sitemap.xml,2026-01-30,ja,"index, follow, max-image-preview:large, max-snippet:-1, max-video-preview:-1",self,Påskeegg 18 cm merkevarer - Kontorinnredning til din bedrift | Kontorcompaniet AS,81,"Innhold: Godt & Blandet 50g, Eventyr Melk 24g, Kvikk Lunsj 47g, Anthon Berg Mandelegg 80g, Kolibri Marsipanegg 58g, Stratos bit 10g, Troika bit 12g, Lion bit 16g, Squashies Drumstick 60g.",187,Påskeegg 18 cm merkevarer,1,162,BreadcrumbList ImageObject Organization WebPage WebSite,71,9,3,0,seed,title > 65 tegn; 3 bilder uten alt
https://kontorcompaniet.no/produkt/paskeegg-18-cm-smagodt-og-sjokolade/,firmagave,200,,0,ja,product-sitemap.xml,2026-01-30,ja,"index, follow, max-image-preview:large, max-snippet:-1, max-video-preview:-1",self,Påskeegg 18 cm Smågodt og Sjokolade - Kontorinnredning til din bedrift | Kontorcompaniet AS,91,"Innhold: Smågodtblanding 400g og sjokoladeblanding 200g.


 	Innholdet pakkes i tette resirkulerbare porsjonsposer.",115,Påskeegg 18 cm Smågodt og Sjokolade,1,129,BreadcrumbList ImageObject Organization WebPage WebSite,73,9,3,0,seed,title > 65 tegn; tynt innhold (<150 ord); 3 bilder uten alt
https://kontorcompaniet.no/produkt/paskeegg-18-cm-smagodt/,firmagave,200,,0,ja,product-sitemap.xml,2026-01-30,ja,"index, follow, max-image-preview:large, max-snippet:-1, max-video-preview:-1",self,Påskeegg 18 cm Smågodt - Kontorinnredning til din bedrift | Kontorcompaniet AS,78,"Innhold: Smågodtblanding 200g.
Innholdet pakkes i tette resirkulerbare porsjonsposer.",85,Påskeegg 18 cm Smågodt,1,112,BreadcrumbList ImageObject Organization WebPage WebSite,75,9,3,0,seed,title > 65 tegn; duplikat description ×4; tynt innhold (<150 ord); 3 bilder uten alt
https://kontorcompaniet.no/produkt/paskeegg-23-cm-merkevarer-2/,firmagave,200,,0,ja,product-sitemap.xml,2026-01-30,ja,"index, follow, max-image-preview:large, max-snippet:-1, max-video-preview:-1",self,Påskeegg 23 cm merkevarer - Kontorinnredning til din bedrift | Kontorcompaniet AS,81,"Innhold: Kims Salt Crunsh 30g, Nidar Påske Marsipan 138g, Godt & Blandet 50g, Smash 100g, Kvikk Lunsj 47g, Anthon Berg Mandelegg 80g.",133,Påskeegg 23 cm merkevarer,1,141,BreadcrumbList ImageObject Organization WebPage WebSite,78,9,3,0,seed,title > 65 tegn; tynt innhold (<150 ord); 3 bilder uten alt
https://kontorcompaniet.no/produkt/paskeegg-23-cm-smagodt-og-ipb-850g/,firmagave,200,,0,ja,product-sitemap.xml,2026-01-30,ja,"index, follow, max-image-preview:large, max-snippet:-1, max-video-preview:-1",self,Påskeegg 23 cm smågodt og IPB 850g - Kontorinnredning til din bedrift | Kontorcompaniet AS,90,"Innhold: Smågodt 600g, IPB Classic 150g , Kvikk Lunsj 47g, Eventyr Melk 24g, Anthon Berg Marsipanbrød 25g.


 	Innholdet pakkes i tette resirkulerbare porsjonsposer.",165,Påskeegg 23 cm smågodt og IPB 850g,1,150,BreadcrumbList ImageObject Organization WebPage WebSite,75,9,3,0,seed,title > 65 tegn; 3 bilder uten alt
https://kontorcompaniet.no/produkt/paskeegg-23-cm-smagodt/,firmagave,200,,0,ja,product-sitemap.xml,2026-01-30,ja,"index, follow, max-image-preview:large, max-snippet:-1, max-video-preview:-1",self,Påskeegg 23 cm Smågodt - Kontorinnredning til din bedrift | Kontorcompaniet AS,78,"Innhold: Smågodtblanding 200g.
Innholdet pakkes i tette resirkulerbare porsjonsposer.",85,Påskeegg 23 cm Smågodt,1,122,BreadcrumbList ImageObject Organization WebPage WebSite,76,9,3,0,seed,title > 65 tegn; duplikat description ×4; tynt innhold (<150 ord); 3 bilder uten alt
https://kontorcompaniet.no/produkt/paskeegg-30-cm-smagodt-2/,firmagave,200,,0,ja,product-sitemap.xml,2026-01-30,ja,"index, follow, max-image-preview:large, max-snippet:-1, max-video-preview:-1",self,Påskeegg 30 cm Smågodt - Kontorinnredning til din bedrift | Kontorcompaniet AS,78,"Innhold: Smågodtblanding 1000g.
Innholdet pakkes i tette resirkulerbare porsjonsposer.",86,Påskeegg 30 cm Smågodt,1,117,BreadcrumbList ImageObject Organization WebPage WebSite,77,9,3,0,seed,title > 65 tegn; tynt innhold (<150 ord); 3 bilder uten alt
https://kontorcompaniet.no/produkt/paskeegg-30-cm-smagodt-og-sjokolade-2/,firmagave,200,,0,ja,product-sitemap.xml,2026-01-30,ja,"index, follow, max-image-preview:large, max-snippet:-1, max-video-preview:-1",self,Påskeegg 30 cm Smågodt og Sjokolade - Kontorinnredning til din bedrift | Kontorcompaniet AS,91,"Innhold: Smågodtblanding 1500g og sjokoladeblanding 800g. 


 	Innholdet pakkes i tette resirkulerbare porsjonsposer.",117,Påskeegg 30 cm Smågodt og Sjokolade,1,124,BreadcrumbList ImageObject Organization WebPage WebSite,75,9,3,0,seed,title > 65 tegn; tynt innhold (<150 ord); 3 bilder uten alt
https://kontorcompaniet.no/produkt/paskeharens-favoritter/,firmagave,200,,0,ja,product-sitemap.xml,2026-01-30,ja,"index, follow, max-image-preview:large, max-snippet:-1, max-video-preview:-1",self,Påskeharens favoritter - Kontorinnredning til din bedrift | Kontorcompaniet AS,78,"Innhold: Nidar Påske Marsipan 138g, Påskeskum 100g, Kvikk lunsj biter 130g, Påskekompiser 120g, Smash 100g",106,Påskeharens favoritter,1,123,BreadcrumbList ImageObject Organization WebPage WebSite,74,9,3,0,seed,title > 65 tegn; tynt innhold (<150 ord); 3 bilder uten alt
https://kontorcompaniet.no/produkt/paskeposen/,firmagave,200,,0,ja,product-sitemap.xml,2026-01-30,ja,"index, follow, max-image-preview:large, max-snippet:-1, max-video-preview:-1",self,Påskeposen - Kontorinnredning til din bedrift | Kontorcompaniet AS,66,"Innhold: Twist 145g, Walkers Liqourice 119g, Kvikk Lunsj biter 130g, Anthon Berg Fugleegg 124g, Anthon Berg Opera Mints 140g.",125,Påskeposen,1,132,BreadcrumbList ImageObject Organization WebPage WebSite,77,9,3,0,seed,title > 65 tegn; tynt innhold (<150 ord); 3 bilder uten alt
https://kontorcompaniet.no/produkt/profim-noor-6050/,produkt,500,,0,ja,product-sitemap.xml,2024-05-24,nei,"index, follow, max-image-preview:large, max-snippet:-1, max-video-preview:-1",self,Profim Noor 6050 - Kontorinnredning til din bedrift | Kontorcompaniet AS,72,Velg variant | Plast sete og rygg | Lakkert alu understell,58,Profim Noor 6050,1,46,BreadcrumbList ImageObject Organization WebPage WebSite,70,8,2,0,seed,HTTP 500; i sitemap men ikke 200; title > 65 tegn; 2 bilder uten alt
https://kontorcompaniet.no/produkt/retro-kjolebag-med-paskesnadder-2/,firmagave,200,,0,ja,product-sitemap.xml,2026-01-30,ja,"index, follow, max-image-preview:large, max-snippet:-1, max-video-preview:-1",self,Retro kjølebag med påskesnadder - Kontorinnredning til din bedrift | Kontorcompaniet AS,87,"Innhold: Kjølebag med norsk flagg, Eplemost Tystad Fruktgård Raud Aroma 0,33l, Serranoskinke skivet 55g, Cocio 250ml, Chorizo skivet 100g, Baby Bell Mini Ost 120g, Ritz kjeks 200g, Taga Salchicon spekepølse 225g, Kim Salt Crunch 30g, Påskeegg 12 cm Norske klassikere 160g.",272,Retro kjølebag med påskesnadder,1,184,BreadcrumbList ImageObject Organization WebPage WebSite,69,9,3,0,seed,title > 65 tegn; 3 bilder uten alt
https://kontorcompaniet.no/produkt/rituals-the-ritual-of-sakura/,firmagave,200,,0,ja,product-sitemap.xml,2025-01-29,ja,"index, follow, max-image-preview:large, max-snippet:-1, max-video-preview:-1",self,Rituals - The Ritual of Sakura - Kontorinnredning til din bedrift | Kontorcompaniet AS,86,"Limited Edition

Innhold: Body Cream 100ml, Foaming Showergel 200ml, Travel Eau de Parfume Fleurs de l`Himalaya 15ml",116,Rituals – The Ritual of Sakura,1,111,BreadcrumbList ImageObject Organization WebPage WebSite,70,6,3,0,seed,title > 65 tegn; tynt innhold (<150 ord); 3 bilder uten alt
https://kontorcompaniet.no/produkt/rituals-the-ritual-og-mehr/,firmagave,200,,0,ja,product-sitemap.xml,2025-01-29,ja,"index, follow, max-image-preview:large, max-snippet:-1, max-video-preview:-1",self,Rituals - The Ritual og Mehr - Kontorinnredning til din bedrift | Kontorcompaniet AS,84,"Innhold: Body Cream 100ml, Foaming Showergel 200ml, Car Air Freshner 2x 6g",74,Rituals – The Ritual og Mehr,1,101,BreadcrumbList ImageObject Organization WebPage WebSite,70,6,3,0,seed,title > 65 tegn; tynt innhold (<150 ord); 3 bilder uten alt
https://kontorcompaniet.no/produkt/sedus-seflex/,produkt,404,,0,nei,,,nei,,,,0,,0,,,,,0,0,0,0,seed,HTTP 404
https://kontorcompaniet.no/produkt/spekenytelser-i-sekk/,firmagave,200,,0,ja,product-sitemap.xml,2026-01-30,ja,"index, follow, max-image-preview:large, max-snippet:-1, max-video-preview:-1",self,Spekenytelser i sekk - Kontorinnredning til din bedrift | Kontorcompaniet AS,76,"Innhold: Rødvinspølse 260g, Ringstad Fenalår 100g, Serrano Skivet Jamandor 70g, Akevittgele Gourmet Lisa 280g, Potetflatbrød 210g",129,Spekenytelser i sekk,1,134,BreadcrumbList ImageObject Organization WebPage WebSite,69,9,3,0,seed,title > 65 tegn; tynt innhold (<150 ord); 3 bilder uten alt
https://kontorcompaniet.no/produkt/taskeladden-paske/,firmagave,200,,0,ja,product-sitemap.xml,2026-01-30,ja,"index, follow, max-image-preview:large, max-snippet:-1, max-video-preview:-1",self,Taskeladden påske - Kontorinnredning til din bedrift | Kontorcompaniet AS,73,"Innhold: Rumpetaske, Asina appelsinbrus 0,5 L, Cocio 250ml, Taga Fuet spekepølse 175g, Rødvin pølsesnabb 230g, Kims Salt Crunch 30g, Påskeegg 12 cm Norske klassikere 160g.",171,Taskeladden påske,1,146,BreadcrumbList ImageObject Organization WebPage WebSite,76,9,3,0,seed,title > 65 tegn; tynt innhold (<150 ord); 3 bilder uten alt
https://kontorcompaniet.no/produkt/trond-mois-pizzapose-spesial/,produkt,404,,0,nei,,,nei,,,,0,,0,,,,,0,0,0,0,seed,HTTP 404
https://kontorcompaniet.no/produkt/vitra-eames-loungechair/,produkt,500,,0,ja,product-sitemap.xml,2024-06-05,nei,"index, follow, max-image-preview:large, max-snippet:-1, max-video-preview:-1",self,Vitra Eames Loungechair - Kontorinnredning til din bedrift | Kontorcompaniet AS,79,Velg variant | Formstøpt finèr | Polstret i hud | Polert aluminium understell,77,Vitra Eames Loungechair,1,51,BreadcrumbList ImageObject Organization WebPage WebSite,73,4,2,0,seed,HTTP 500; i sitemap men ikke 200; title > 65 tegn; 2 bilder uten alt
https://kontorcompaniet.no/produkt/vitra-eames-plastic-sidechair-dsr/,produkt,500,,0,ja,product-sitemap.xml,2024-06-05,nei,"index, follow, max-image-preview:large, max-snippet:-1, max-video-preview:-1",self,Vitra Eames Plastic Sidechair DSR - Kontorinnredning til din bedrift | Kontorcompaniet AS,89,Velg variant | Plastikk skall | Pulverlakkert Cross struts understell,69,Vitra Eames Plastic Sidechair DSR,1,47,BreadcrumbList ImageObject Organization WebPage WebSite,73,18,2,0,seed,HTTP 500; i sitemap men ikke 200; title > 65 tegn; 2 bilder uten alt
https://kontorcompaniet.no/produkt/vitra-id-trim-kopi/,produkt,200,,0,ja,product-sitemap.xml,2025-02-11,ja,"index, follow, max-image-preview:large, max-snippet:-1, max-video-preview:-1",self,Vitra ID Mesh - Kontorinnredning til din bedrift | Kontorcompaniet AS,69,Sort mesh | Sort tekstil | Sort fotkryss | 2D Armlen | Setedybdregulering | Korsryggstøtte,90,Vitra ID Mesh,1,234,BreadcrumbList ImageObject Organization WebPage WebSite,73,10,3,0,seed,title > 65 tegn; 3 bilder uten alt
https://kontorcompaniet.no/produkt/vitra-id-trim/,produkt,200,,0,ja,product-sitemap.xml,2025-02-11,ja,"index, follow, max-image-preview:large, max-snippet:-1, max-video-preview:-1",self,Vitra ID Trim - Kontorinnredning til din bedrift | Kontorcompaniet AS,69,Sort tekstil | Sort fotkryss | 2D Armlen | Setedybdregulering,61,Vitra ID Trim,1,220,BreadcrumbList ImageObject Organization WebPage WebSite,73,11,3,0,seed,title > 65 tegn; 3 bilder uten alt
https://kontorcompaniet.no/produkt/vitra-physix-konferansestol/,produkt,200,,0,ja,product-sitemap.xml,2024-05-15,ja,"index, follow, max-image-preview:large, max-snippet:-1, max-video-preview:-1",self,Vitra Softshell 5-star base - Kontorinnredning til din bedrift | Kontorcompaniet AS,83,Velg variant | Tekstil: Plano | 5-star base m/sving og hjul | Hev/senk,70,Vitra Softshell 5-star base,1,251,BreadcrumbList ImageObject Organization WebPage WebSite,71,28,3,0,seed,title > 65 tegn; 3 bilder uten alt
https://kontorcompaniet.no/produkt/vitra-physix/,produkt,200,,0,ja,product-sitemap.xml,2024-05-15,ja,"index, follow, max-image-preview:large, max-snippet:-1, max-video-preview:-1",self,Vitra Physix - Kontorinnredning til din bedrift | Kontorcompaniet AS,68,Velg variant | Tekstil: FleeceNet | 5-star base m/sving og hjul | Hev/senk,74,Vitra Physix,1,242,BreadcrumbList ImageObject Organization WebPage WebSite,72,24,3,0,seed,title > 65 tegn; 3 bilder uten alt
https://kontorcompaniet.no/produkt/vitra-soft-pad-217/,produkt,200,,0,ja,product-sitemap.xml,2024-04-22,ja,"index, follow, max-image-preview:large, max-snippet:-1, max-video-preview:-1",self,Vitra Soft Pad 217 - Kontorinnredning til din bedrift | Kontorcompaniet AS,74,Leather Nero | Krom understell | Krom armlener | Trinser for teppe,66,Vitra Soft Pad 217,1,166,BreadcrumbList ImageObject Organization WebPage WebSite,2,9,3,0,seed,title > 65 tegn; duplikat description ×2; 3 bilder uten alt
https://kontorcompaniet.no/produkt/vitra-soft-pad-219/,produkt,200,,0,ja,product-sitemap.xml,2024-04-22,ja,"index, follow, max-image-preview:large, max-snippet:-1, max-video-preview:-1",self,Vitra Soft Pad 219 - Kontorinnredning til din bedrift | Kontorcompaniet AS,74,Leather Nero | Krom understell | Krom armlener | Trinser for teppe,66,Vitra Soft Pad 219,1,219,BreadcrumbList ImageObject Organization WebPage WebSite,4,10,3,0,seed,title > 65 tegn; duplikat description ×2; 3 bilder uten alt
https://kontorcompaniet.no/produkter,side,301,https://kontorcompaniet.no/produkterogtjenester/,1,nei,,,nei,,,,0,,0,,,,,1,0,0,1,https://kontorcompaniet.no/,
https://kontorcompaniet.no/produkterogtjenester/,side,200,,0,ja,page-sitemap.xml,2023-05-08,ja,"index, follow, max-image-preview:large, max-snippet:-1, max-video-preview:-1",self,Produkter & Tjenester - Kontorinnredning til din bedrift | Kontorcompaniet AS,77,,0,"PLANLEGGING, PROSJEKTLEDELSE, MØBELINNKJØP OG MONTERING SIDEN 1981.",1,557,BreadcrumbList ImageObject Organization WebPage WebSite,203,13,13,0,seed,title > 65 tegn; mangler meta description; H1 i VERSALER; 13 bilder uten alt
https://kontorcompaniet.no/produktkategori/arbeidsplassen/bordskjermer/,kategori,200,,0,nei,,,nei,"index, follow, max-image-preview:large, max-snippet:-1, max-video-preview:-1",annen,Bordskjermer Arkiver - Kontorinnredning til din bedrift | Kontorcompaniet AS,76,,0,Bordskjermer,1,1989,BreadcrumbList CollectionPage ImageObject Organization Product WebSite,0,200,200,0,seed,200 men ikke i sitemap; canonical peker annet sted; duplikat title ×2; title > 65 tegn; mangler meta description; identisk innhold ×2; 200 bilder uten alt; foreldreløs (ingen interne lenker inn)
https://kontorcompaniet.no/produktkategori/arbeidsplassen/kontorstoler/,kategori,200,,0,nei,,,nei,"index, follow, max-image-preview:large, max-snippet:-1, max-video-preview:-1",annen,Kontorstoler Arkiver - Kontorinnredning til din bedrift | Kontorcompaniet AS,76,,0,Kontorstoler,1,1989,BreadcrumbList CollectionPage ImageObject Organization Product WebSite,0,200,200,0,seed,200 men ikke i sitemap; canonical peker annet sted; duplikat title ×2; title > 65 tegn; mangler meta description; identisk innhold ×2; 200 bilder uten alt; foreldreløs (ingen interne lenker inn)
https://kontorcompaniet.no/produktkategori/arbeidsplassen/skrivebord/,kategori,404,,0,nei,,,nei,,,,0,,0,,,,,0,0,0,0,seed,HTTP 404
https://kontorcompaniet.no/produktkategori/bordskjermer/,kategori,200,,0,ja,product_cat-sitemap.xml,2024-05-15,ja,"index, follow, max-image-preview:large, max-snippet:-1, max-video-preview:-1",self,Bordskjermer Arkiver - Kontorinnredning til din bedrift | Kontorcompaniet AS,76,,0,Bordskjermer,1,1989,BreadcrumbList CollectionPage ImageObject Organization Product WebSite,0,200,200,0,seed,duplikat title ×2; title > 65 tegn; mangler meta description; identisk innhold ×2; 200 bilder uten alt; foreldreløs (ingen interne lenker inn)
https://kontorcompaniet.no/produktkategori/brands/,merke,200,,0,ja,product_cat-sitemap.xml,,ja,"index, follow, max-image-preview:large, max-snippet:-1, max-video-preview:-1",self,Brands Arkiver - Kontorinnredning til din bedrift | Kontorcompaniet AS,70,,0,Brands,1,1989,BreadcrumbList CollectionPage ImageObject Organization Product WebSite,62,200,200,0,seed,title > 65 tegn; mangler meta description; 200 bilder uten alt
https://kontorcompaniet.no/produktkategori/brands/abstracta/,merke,200,,0,ja,product_cat-sitemap.xml,2024-05-15,ja,"index, follow, max-image-preview:large, max-snippet:-1, max-video-preview:-1",self,Abstracta Arkiver - Kontorinnredning til din bedrift | Kontorcompaniet AS,73,,0,Abstracta,1,1989,BreadcrumbList CollectionPage ImageObject Organization Product WebSite,3,200,200,0,seed,title > 65 tegn; mangler meta description; 200 bilder uten alt
https://kontorcompaniet.no/produktkategori/brands/dauphin/,merke,200,,0,ja,product_cat-sitemap.xml,2025-01-30,ja,"index, follow, max-image-preview:large, max-snippet:-1, max-video-preview:-1",self,Dauphin Arkiver - Kontorinnredning til din bedrift | Kontorcompaniet AS,71,,0,Dauphin,1,1989,BreadcrumbList CollectionPage ImageObject Organization Product WebSite,1,200,200,0,seed,title > 65 tegn; mangler meta description; 200 bilder uten alt
https://kontorcompaniet.no/produktkategori/brands/dencon/,merke,200,,0,ja,product_cat-sitemap.xml,2024-05-23,ja,"index, follow, max-image-preview:large, max-snippet:-1, max-video-preview:-1",self,Dencon Arkiver - Kontorinnredning til din bedrift | Kontorcompaniet AS,70,,0,Dencon,1,1989,BreadcrumbList CollectionPage ImageObject Organization Product WebSite,20,200,200,0,seed,title > 65 tegn; mangler meta description; 200 bilder uten alt
https://kontorcompaniet.no/produktkategori/brands/evoline/,merke,200,,0,ja,product_cat-sitemap.xml,2024-05-22,ja,"index, follow, max-image-preview:large, max-snippet:-1, max-video-preview:-1",self,Evoline Arkiver - Kontorinnredning til din bedrift | Kontorcompaniet AS,71,,0,Evoline,1,1989,BreadcrumbList CollectionPage ImageObject Organization Product WebSite,15,200,200,0,seed,title > 65 tegn; mangler meta description; 200 bilder uten alt
https://kontorcompaniet.no/produktkategori/brands/fogia/,merke,200,,0,ja,product_cat-sitemap.xml,2024-04-29,ja,"index, follow, max-image-preview:large, max-snippet:-1, max-video-preview:-1",self,Fogia Arkiver - Kontorinnredning til din bedrift | Kontorcompaniet AS,69,,0,Fogia,1,1989,BreadcrumbList CollectionPage ImageObject Organization Product WebSite,1,200,200,0,seed,title > 65 tegn; mangler meta description; 200 bilder uten alt
https://kontorcompaniet.no/produktkategori/brands/fora-form/,merke,200,,0,ja,product_cat-sitemap.xml,2024-05-23,ja,"index, follow, max-image-preview:large, max-snippet:-1, max-video-preview:-1",self,Fora Form Arkiver - Kontorinnredning til din bedrift | Kontorcompaniet AS,73,,0,Fora Form,1,1990,BreadcrumbList CollectionPage ImageObject Organization Product WebSite,6,200,200,0,seed,title > 65 tegn; mangler meta description; 200 bilder uten alt
https://kontorcompaniet.no/produktkategori/brands/hag/,merke,200,,0,ja,product_cat-sitemap.xml,2025-01-30,ja,"index, follow, max-image-preview:large, max-snippet:-1, max-video-preview:-1",self,Håg Arkiver - Kontorinnredning til din bedrift | Kontorcompaniet AS,67,,0,Håg,1,1989,BreadcrumbList CollectionPage ImageObject Organization Product WebSite,3,200,200,0,seed,title > 65 tegn; mangler meta description; 200 bilder uten alt
https://kontorcompaniet.no/produktkategori/brands/hay/,merke,200,,0,ja,product_cat-sitemap.xml,2024-05-23,ja,"index, follow, max-image-preview:large, max-snippet:-1, max-video-preview:-1",self,Hay Arkiver - Kontorinnredning til din bedrift | Kontorcompaniet AS,67,,0,Hay,1,1989,BreadcrumbList CollectionPage ImageObject Organization Product WebSite,1,200,200,0,seed,title > 65 tegn; mangler meta description; 200 bilder uten alt
https://kontorcompaniet.no/produktkategori/brands/horreds/,merke,200,,0,ja,product_cat-sitemap.xml,2024-05-08,ja,"index, follow, max-image-preview:large, max-snippet:-1, max-video-preview:-1",self,Horreds Arkiver - Kontorinnredning til din bedrift | Kontorcompaniet AS,71,,0,Horreds,1,1989,BreadcrumbList CollectionPage ImageObject Organization Product WebSite,3,200,200,0,seed,title > 65 tegn; mangler meta description; 200 bilder uten alt
https://kontorcompaniet.no/produktkategori/brands/muuto/,merke,200,,0,ja,product_cat-sitemap.xml,2024-04-19,ja,"index, follow, max-image-preview:large, max-snippet:-1, max-video-preview:-1",self,Muuto Arkiver - Kontorinnredning til din bedrift | Kontorcompaniet AS,69,,0,Muuto,1,1989,BreadcrumbList CollectionPage ImageObject Organization Product WebSite,3,200,200,0,seed,title > 65 tegn; mangler meta description; 200 bilder uten alt
https://kontorcompaniet.no/produktkategori/brands/profim/,merke,200,,0,ja,product_cat-sitemap.xml,2024-05-24,ja,"index, follow, max-image-preview:large, max-snippet:-1, max-video-preview:-1",self,Profim Arkiver - Kontorinnredning til din bedrift | Kontorcompaniet AS,70,,0,Profim,1,1989,BreadcrumbList CollectionPage ImageObject Organization Product WebSite,0,200,200,0,seed,title > 65 tegn; mangler meta description; 200 bilder uten alt; foreldreløs (ingen interne lenker inn)
https://kontorcompaniet.no/produktkategori/brands/vitra/,merke,200,,0,ja,product_cat-sitemap.xml,2025-02-11,ja,"index, follow, max-image-preview:large, max-snippet:-1, max-video-preview:-1",self,Vitra Arkiver - Kontorinnredning til din bedrift | Kontorcompaniet AS,69,,0,Vitra,1,1989,BreadcrumbList CollectionPage ImageObject Organization Product WebSite,6,200,200,0,seed,title > 65 tegn; mangler meta description; 200 bilder uten alt
https://kontorcompaniet.no/produktkategori/brukte-mobler/,brukt,200,,0,ja,product_cat-sitemap.xml,2024-05-08,ja,"index, follow, max-image-preview:large, max-snippet:-1, max-video-preview:-1",self,Brukte møbler Arkiver - Kontorinnredning til din bedrift | Kontorcompaniet AS,77,,0,Brukte møbler,1,1990,BreadcrumbList CollectionPage ImageObject Organization Product WebSite,0,200,200,0,seed,title > 65 tegn; mangler meta description; 200 bilder uten alt; foreldreløs (ingen interne lenker inn)
https://kontorcompaniet.no/produktkategori/firmagaver/,firmagave,200,,0,ja,product_cat-sitemap.xml,2026-01-30,ja,"index, follow, max-image-preview:large, max-snippet:-1, max-video-preview:-1",self,Firmagaver Arkiver - Kontorinnredning til din bedrift | Kontorcompaniet AS,74,,0,Firmagaver,1,1989,BreadcrumbList CollectionPage ImageObject Organization Product WebSite,34,200,200,0,seed,title > 65 tegn; mangler meta description; 200 bilder uten alt
https://kontorcompaniet.no/produktkategori/firmagaver/paskegaver/,firmagave,200,,0,ja,product_cat-sitemap.xml,2026-01-30,ja,"index, follow, max-image-preview:large, max-snippet:-1, max-video-preview:-1",self,Påskegaver Arkiver - Kontorinnredning til din bedrift | Kontorcompaniet AS,74,,0,Påskegaver,1,1989,BreadcrumbList CollectionPage ImageObject Organization Product WebSite,34,200,200,0,seed,title > 65 tegn; mangler meta description; 200 bilder uten alt
https://kontorcompaniet.no/produktkategori/firmagaver/strand-og-piknikk/,firmagave,200,,0,nei,,,ja,"index, follow, max-image-preview:large, max-snippet:-1, max-video-preview:-1",self,Strand og Piknikk Arkiver - Kontorinnredning til din bedrift | Kontorcompaniet AS,81,,0,Strand og Piknikk,1,1991,BreadcrumbList CollectionPage Organization WebSite,0,200,200,0,seed,200 men ikke i sitemap; title > 65 tegn; mangler meta description; 200 bilder uten alt; foreldreløs (ingen interne lenker inn)
https://kontorcompaniet.no/produktkategori/komponenter/,kategori,200,,0,ja,product_cat-sitemap.xml,2024-04-23,nei,"index, follow, max-image-preview:large, max-snippet:-1, max-video-preview:-1",annen,Komponenter Arkiver - Kontorinnredning til din bedrift | Kontorcompaniet AS,75,,0,Komponenter,1,1989,BreadcrumbList CollectionPage ImageObject Organization Product WebSite,0,200,200,0,seed,canonical peker annet sted; duplikat title ×2; title > 65 tegn; mangler meta description; identisk innhold ×2; 200 bilder uten alt; foreldreløs (ingen interne lenker inn)
https://kontorcompaniet.no/produktkategori/kontorstoler/,kategori,200,,0,ja,product_cat-sitemap.xml,2025-02-11,ja,"index, follow, max-image-preview:large, max-snippet:-1, max-video-preview:-1",self,Kontorstoler Arkiver - Kontorinnredning til din bedrift | Kontorcompaniet AS,76,,0,Kontorstoler,1,1989,BreadcrumbList CollectionPage ImageObject Organization Product WebSite,0,200,200,0,seed,duplikat title ×2; title > 65 tegn; mangler meta description; identisk innhold ×2; 200 bilder uten alt; foreldreløs (ingen interne lenker inn)
https://kontorcompaniet.no/produktkategori/loungestoler/,kategori,200,,0,ja,product_cat-sitemap.xml,2024-06-05,ja,"index, follow, max-image-preview:large, max-snippet:-1, max-video-preview:-1",self,Loungestoler Arkiver - Kontorinnredning til din bedrift | Kontorcompaniet AS,76,,0,Loungestoler,1,1989,BreadcrumbList CollectionPage ImageObject Organization Product WebSite,0,200,200,0,seed,title > 65 tegn; mangler meta description; 200 bilder uten alt; foreldreløs (ingen interne lenker inn)
https://kontorcompaniet.no/produktkategori/motebord/,kategori,200,,0,ja,product_cat-sitemap.xml,2024-05-23,ja,"index, follow, max-image-preview:large, max-snippet:-1, max-video-preview:-1",self,Møtebord Arkiver - Kontorinnredning til din bedrift | Kontorcompaniet AS,72,,0,Møtebord,1,1989,BreadcrumbList CollectionPage ImageObject Organization Product WebSite,0,200,200,0,seed,title > 65 tegn; mangler meta description; 200 bilder uten alt; foreldreløs (ingen interne lenker inn)
https://kontorcompaniet.no/produktkategori/motebord/komponenter-motebord/,kategori,404,,0,nei,,,nei,,,,0,,0,,,,,0,0,0,0,seed,HTTP 404
https://kontorcompaniet.no/produktkategori/moteromsstoler/,kategori,200,,0,ja,product_cat-sitemap.xml,2024-05-23,ja,"index, follow, max-image-preview:large, max-snippet:-1, max-video-preview:-1",self,Møteromsstoler Arkiver - Kontorinnredning til din bedrift | Kontorcompaniet AS,78,,0,Møteromsstoler,1,1989,BreadcrumbList CollectionPage ImageObject Organization Product WebSite,0,200,200,0,seed,title > 65 tegn; mangler meta description; 200 bilder uten alt; foreldreløs (ingen interne lenker inn)
https://kontorcompaniet.no/produktkategori/oppbevaring/,kategori,200,,0,ja,product_cat-sitemap.xml,2024-05-02,ja,"index, follow, max-image-preview:large, max-snippet:-1, max-video-preview:-1",self,Oppbevaring Arkiver - Kontorinnredning til din bedrift | Kontorcompaniet AS,75,,0,Oppbevaring,1,1989,BreadcrumbList CollectionPage ImageObject Organization Product WebSite,0,200,200,0,seed,title > 65 tegn; mangler meta description; 200 bilder uten alt; foreldreløs (ingen interne lenker inn)
https://kontorcompaniet.no/produktkategori/rituals/,firmagave,200,,0,ja,product_cat-sitemap.xml,2025-01-29,ja,"index, follow, max-image-preview:large, max-snippet:-1, max-video-preview:-1",self,Rituals Arkiver - Kontorinnredning til din bedrift | Kontorcompaniet AS,71,,0,Rituals,1,1989,BreadcrumbList CollectionPage ImageObject Organization Product WebSite,2,200,200,0,seed,title > 65 tegn; mangler meta description; 200 bilder uten alt
https://kontorcompaniet.no/produktkategori/skrivebord-el-hev-senk/,kategori,200,,0,ja,product_cat-sitemap.xml,2024-04-30,ja,"index, follow, max-image-preview:large, max-snippet:-1, max-video-preview:-1",self,Skrivebord - El. hev/senk Arkiver - Kontorinnredning til din bedrift | Kontorcompaniet AS,89,,0,Skrivebord - El. hev/senk,1,1992,BreadcrumbList CollectionPage ImageObject Organization Product WebSite,0,200,200,0,seed,title > 65 tegn; mangler meta description; 200 bilder uten alt; foreldreløs (ingen interne lenker inn)
https://kontorcompaniet.no/produktkategori/skrivebord-fast-understell/,kategori,200,,0,ja,product_cat-sitemap.xml,2024-04-30,ja,"index, follow, max-image-preview:large, max-snippet:-1, max-video-preview:-1",self,Skrivebord - Fast understell Arkiver - Kontorinnredning til din bedrift | Kontorcompaniet AS,92,,0,Skrivebord - Fast understell,1,1992,BreadcrumbList CollectionPage ImageObject Organization Product WebSite,0,200,200,0,seed,title > 65 tegn; mangler meta description; 200 bilder uten alt; foreldreløs (ingen interne lenker inn)
https://kontorcompaniet.no/produktkategori/skrivebord-tilbehor/,kategori,200,,0,ja,product_cat-sitemap.xml,2024-05-22,ja,"index, follow, max-image-preview:large, max-snippet:-1, max-video-preview:-1",self,Skrivebord - Tilbehør Arkiver - Kontorinnredning til din bedrift | Kontorcompaniet AS,85,,0,Skrivebord - Tilbehør,1,1991,BreadcrumbList CollectionPage ImageObject Organization Product WebSite,0,200,200,0,seed,title > 65 tegn; mangler meta description; 200 bilder uten alt; foreldreløs (ingen interne lenker inn)
https://kontorcompaniet.no/produktkategori/skrivebord/,kategori,404,,0,nei,,,nei,,,,0,,0,,,,,0,0,0,0,seed,HTTP 404
https://kontorcompaniet.no/produktkategori/skrivebord/komponenter/,kategori,200,,0,nei,,,ja,"index, follow, max-image-preview:large, max-snippet:-1, max-video-preview:-1",self,Komponenter Arkiver - Kontorinnredning til din bedrift | Kontorcompaniet AS,75,,0,Komponenter,1,1989,BreadcrumbList CollectionPage ImageObject Organization Product WebSite,0,200,200,0,seed,200 men ikke i sitemap; duplikat title ×2; title > 65 tegn; mangler meta description; identisk innhold ×2; 200 bilder uten alt; foreldreløs (ingen interne lenker inn)
https://kontorcompaniet.no/produktkategori/sofa/,kategori,200,,0,ja,product_cat-sitemap.xml,2024-05-22,ja,"index, follow, max-image-preview:large, max-snippet:-1, max-video-preview:-1",self,Sofa Arkiver - Kontorinnredning til din bedrift | Kontorcompaniet AS,68,,0,Sofa,1,1989,BreadcrumbList CollectionPage ImageObject Organization Product WebSite,0,200,200,0,seed,title > 65 tegn; mangler meta description; 200 bilder uten alt; foreldreløs (ingen interne lenker inn)
https://kontorcompaniet.no/produktkategori/stoler/,kategori,200,,0,ja,product_cat-sitemap.xml,2024-06-05,ja,"index, follow, max-image-preview:large, max-snippet:-1, max-video-preview:-1",self,Stoler Arkiver - Kontorinnredning til din bedrift | Kontorcompaniet AS,70,,0,Stoler,1,1989,BreadcrumbList CollectionPage ImageObject Organization Product WebSite,0,200,200,0,seed,title > 65 tegn; mangler meta description; 200 bilder uten alt; foreldreløs (ingen interne lenker inn)
https://kontorcompaniet.no/prosjekt-norwegian/,side,200,,0,ja,post-sitemap.xml,2020-11-03,ja,"index, follow, max-image-preview:large, max-snippet:-1, max-video-preview:-1",self,PROSJEKT: NORWEGIAN - Kontorinnredning til din bedrift | Kontorcompaniet AS,75,,0,PROSJEKT: NORWEGIAN,1,201,Article BreadcrumbList ImageObject Organization Person WebPage WebSite,4,3,3,0,seed,title > 65 tegn; mangler meta description; H1 i VERSALER; 3 bilder uten alt
https://kontorcompaniet.no/prosjekter/,side,200,,0,ja,page-sitemap.xml,2022-10-06,ja,"index, follow, max-image-preview:large, max-snippet:-1, max-video-preview:-1",self,Referanser - Kontorinnredning til din bedrift | Kontorcompaniet AS,66,,0,VÅRE PROSJEKTER,1,37,BreadcrumbList Organization WebPage WebSite,203,2,2,0,seed,title > 65 tegn; mangler meta description; H1 i VERSALER; tynt innhold (<150 ord); 2 bilder uten alt
https://kontorcompaniet.no/registration,system,301,https://kontorcompaniet.no/registration-2/,1,nei,,,nei,,,,0,,0,,,,,2,0,0,1,https://kontorcompaniet.no/registrer/,
https://kontorcompaniet.no/registration-2/,system,200,,0,ja,page-sitemap.xml,2021-06-10,ja,"index, follow, max-image-preview:large, max-snippet:-1, max-video-preview:-1",self,Registration - Kontorinnredning til din bedrift | Kontorcompaniet AS,68,,0,,0,28,BreadcrumbList Organization WebPage WebSite,0,2,2,0,seed,systemside indekserbar; title > 65 tegn; mangler meta description; mangler H1; tynt innhold (<150 ord); 2 bilder uten alt; foreldreløs (ingen interne lenker inn)
https://kontorcompaniet.no/registrer,system,301,https://kontorcompaniet.no/registrer/,1,nei,,,nei,,,,0,,0,,,,,2,0,0,1,https://kontorcompaniet.no/registration-2/,
https://kontorcompaniet.no/registrer/,system,200,,0,ja,page-sitemap.xml,2021-06-10,ja,"index, follow, max-image-preview:large, max-snippet:-1, max-video-preview:-1",self,Registrer - Kontorinnredning til din bedrift | Kontorcompaniet AS,65,,0,,0,47,BreadcrumbList Organization WebPage WebSite,0,2,2,0,seed,systemside indekserbar; mangler meta description; mangler H1; tynt innhold (<150 ord); 2 bilder uten alt; foreldreløs (ingen interne lenker inn)
https://kontorcompaniet.no/rentmy-cart/,system,200,,0,ja,page-sitemap.xml,2021-01-25,ja,"index, follow, max-image-preview:large, max-snippet:-1, max-video-preview:-1",self,RentMy Cart - Kontorinnredning til din bedrift | Kontorcompaniet AS,67,,0,RentMy Cart,1,3,BreadcrumbList Organization WebPage WebSite,0,2,2,0,seed,systemside indekserbar; title > 65 tegn; mangler meta description; tynt innhold (<150 ord); 2 bilder uten alt; foreldreløs (ingen interne lenker inn)
https://kontorcompaniet.no/rentmy-checkout/,system,200,,0,ja,page-sitemap.xml,2021-01-25,ja,"index, follow, max-image-preview:large, max-snippet:-1, max-video-preview:-1",self,RentMy Checkout - Kontorinnredning til din bedrift | Kontorcompaniet AS,71,,0,RentMy Checkout,1,3,BreadcrumbList Organization WebPage WebSite,0,2,2,0,seed,systemside indekserbar; title > 65 tegn; mangler meta description; tynt innhold (<150 ord); 2 bilder uten alt; foreldreløs (ingen interne lenker inn)
https://kontorcompaniet.no/rentmy-package-details/,system,200,,0,ja,page-sitemap.xml,2021-01-25,ja,"index, follow, max-image-preview:large, max-snippet:-1, max-video-preview:-1",self,RentMy Package Details - Kontorinnredning til din bedrift | Kontorcompaniet AS,78,,0,RentMy Package Details,1,4,BreadcrumbList Organization WebPage WebSite,0,2,2,0,seed,systemside indekserbar; title > 65 tegn; mangler meta description; tynt innhold (<150 ord); 2 bilder uten alt; foreldreløs (ingen interne lenker inn)
https://kontorcompaniet.no/rentmy-product-details/,system,200,,0,ja,page-sitemap.xml,2021-01-25,ja,"index, follow, max-image-preview:large, max-snippet:-1, max-video-preview:-1",self,RentMy Product Details - Kontorinnredning til din bedrift | Kontorcompaniet AS,78,,0,RentMy Product Details,1,4,BreadcrumbList Organization WebPage WebSite,0,2,2,0,seed,systemside indekserbar; title > 65 tegn; mangler meta description; tynt innhold (<150 ord); 2 bilder uten alt; foreldreløs (ingen interne lenker inn)
https://kontorcompaniet.no/rentmy-products-list/,system,200,,0,ja,page-sitemap.xml,2021-01-25,ja,"index, follow, max-image-preview:large, max-snippet:-1, max-video-preview:-1",self,RentMy Products List - Kontorinnredning til din bedrift | Kontorcompaniet AS,76,,0,RentMy Products List,1,4,BreadcrumbList Organization WebPage WebSite,0,2,2,0,seed,systemside indekserbar; title > 65 tegn; mangler meta description; tynt innhold (<150 ord); 2 bilder uten alt; foreldreløs (ingen interne lenker inn)
https://kontorcompaniet.no/sikkerhet-og-personvern/,side,200,,0,ja,page-sitemap.xml,2021-11-05,ja,"index, follow, max-image-preview:large, max-snippet:-1, max-video-preview:-1",self,Sikkerhet og personvern - Kontorinnredning til din bedrift | Kontorcompaniet AS,79,,0,Sikkerhet og personvern,1,1820,BreadcrumbList Organization WebPage WebSite,203,2,2,0,seed,title > 65 tegn; mangler meta description; 2 bilder uten alt
